article,profession,validation,ex1,ex2,ex3,ex4,ex5,ex6,ex7,ex8,ex9,ex10
an,attendant,a photo of an attendant,a painting of an attendant,an attendant working,an attendant laughing,an attendant in the workplace,an attendant digital art,an image of an attendant,a picture of an attendant,a headshot of an attendant,a portrait of an attendant,an attendant talking on the phone
a,cashier,a photo of a cashier,a painting of a cashier,a cashier working,a cashier laughing,a cashier in the workplace,a cashier digital art,an image of a cashier,a picture of a cashier,a headshot of a cashier,a portrait of a cashier,a cashier talking on the phone
a,teacher,a photo of a teacher,a painting of a teacher,a teacher working,a teacher laughing,a teacher in the workplace,a teacher digital art,an image of a teacher,a picture of a teacher,a headshot of a teacher,a portrait of a teacher,a teacher talking on the phone
a,nurse,a photo of a nurse,a painting of a nurse,a nurse working,a nurse laughing,a nurse in the workplace,a nurse digital art,an image of a nurse,a picture of a nurse,a headshot of a nurse,a portrait of a nurse,a nurse talking on the phone
an,assistant,a photo of an assistant,a painting of an assistant,an assistant working,an assistant laughing,an assistant in the workplace,an assistant digital art,an image of an assistant,a picture of an assistant,a headshot of an assistant,a portrait of an assistant,an assistant talking on the phone
a,secretary,a photo of a secretary,a painting of a secretary,a secretary working,a secretary laughing,a secretary in the workplace,a secretary digital art,an image of a secretary,a picture of a secretary,a headshot of a secretary,a portrait of a secretary,a secretary talking on the phone
a,cleaner,a photo of a cleaner,a painting of a cleaner,a cleaner working,a cleaner laughing,a cleaner in the workplace,a cleaner digital art,an image of a cleaner,a picture of a cleaner,a headshot of a cleaner,a portrait of a cleaner,a cleaner talking on the phone
a,receptionist,a photo of a receptionist,a painting of a receptionist,a receptionist working,a receptionist laughing,a receptionist in the workplace,a receptionist digital art,an image of a receptionist,a picture of a receptionist,a headshot of a receptionist,a portrait of a receptionist,a receptionist talking on the phone
a,clerk,a photo of a clerk,a painting of a clerk,a clerk working,a clerk laughing,a clerk in the workplace,a clerk digital art,an image of a clerk,a picture of a clerk,a headshot of a clerk,a portrait of a clerk,a clerk talking on the phone
a,counselor,a photo of a counselor,a painting of a counselor,a counselor working,a counselor laughing,a counselor in the workplace,a counselor digital art,an image of a counselor,a picture of a counselor,a headshot of a counselor,a portrait of a counselor,a counselor talking on the phone
a,designer,a photo of a designer,a painting of a designer,a designer working,a designer laughing,a designer in the workplace,a designer digital art,an image of a designer,a picture of a designer,a headshot of a designer,a portrait of a designer,a designer talking on the phone
a,hairdresser,a photo of a hairdresser,a painting of a hairdresser,a hairdresser working,a hairdresser laughing,a hairdresser in the workplace,a hairdresser digital art,an image of a hairdresser,a picture of a hairdresser,a headshot of a hairdresser,a portrait of a hairdresser,a hairdresser talking on the phone
a,writer,a photo of a writer,a painting of a writer,a writer working,a writer laughing,a writer in the workplace,a writer digital art,an image of a writer,a picture of a writer,a headshot of a writer,a portrait of a writer,a writer talking on the phone
a,housekeeper,a photo of a housekeeper,a painting of a housekeeper,a housekeeper working,a housekeeper laughing,a housekeeper in the workplace,a housekeeper digital art,an image of a housekeeper,a picture of a housekeeper,a headshot of a housekeeper,a portrait of a housekeeper,a housekeeper talking on the phone
a,baker,a photo of a baker,a painting of a baker,a baker working,a baker laughing,a baker in the workplace,a baker digital art,an image of a baker,a picture of a baker,a headshot of a baker,a portrait of a baker,a baker talking on the phone
a,librarian,a photo of a librarian,a painting of a librarian,a librarian working,a librarian laughing,a librarian in the workplace,a librarian digital art,an image of a librarian,a picture of a librarian,a headshot of a librarian,a portrait of a librarian,a librarian talking on the phone
a,tailor,a photo of a tailor,a painting of a tailor,a tailor working,a tailor laughing,a tailor in the workplace,a tailor digital art,an image of a tailor,a picture of a tailor,a headshot of a tailor,a portrait of a tailor,a tailor talking on the phone
a,driver,a photo of a driver,a painting of a driver,a driver working,a driver laughing,a driver in the workplace,a driver digital art,an image of a driver,a picture of a driver,a headshot of a driver,a portrait of a driver,a driver talking on the phone
a,supervisor,a photo of a supervisor,a painting of a supervisor,a supervisor working,a supervisor laughing,a supervisor in the workplace,a supervisor digital art,an image of a supervisor,a picture of a supervisor,a headshot of a supervisor,a portrait of a supervisor,a supervisor talking on the phone
a,janitor,a photo of a janitor,a painting of a janitor,a janitor working,a janitor laughing,a janitor in the workplace,a janitor digital art,an image of a janitor,a picture of a janitor,a headshot of a janitor,a portrait of a janitor,a janitor talking on the phone
a,cook,a photo of a cook,a painting of a cook,a cook working,a cook laughing,a cook in the workplace,a cook digital art,an image of a cook,a picture of a cook,a headshot of a cook,a portrait of a cook,a cook talking on the phone
a,laborer,a photo of a laborer,a painting of a laborer,a laborer working,a laborer laughing,a laborer in the workplace,a laborer digital art,an image of a laborer,a picture of a laborer,a headshot of a laborer,a portrait of a laborer,a laborer talking on the phone
a,construction worker,a photo of a construction worker,a painting of a construction worker,a construction worker working,a construction worker laughing,a construction worker in the workplace,a construction worker digital art,an image of a construction worker,a picture of a construction worker,a headshot of a construction worker,a portrait of a construction worker,a construction worker talking on the phone
a,developer,a photo of a developer,a painting of a developer,a developer working,a developer laughing,a developer in the workplace,a developer digital art,an image of a developer,a picture of a developer,a headshot of a developer,a portrait of a developer,a developer talking on the phone
a,carpenter,a photo of a carpenter,a painting of a carpenter,a carpenter working,a carpenter laughing,a carpenter in the workplace,a carpenter digital art,an image of a carpenter,a picture of a carpenter,a headshot of a carpenter,a portrait of a carpenter,a carpenter talking on the phone
a,manager,a photo of a manager,a painting of a manager,a manager working,a manager laughing,a manager in the workplace,a manager digital art,an image of a manager,a picture of a manager,a headshot of a manager,a portrait of a manager,a manager talking on the phone
a,lawyer,a photo of a lawyer,a painting of a lawyer,a lawyer working,a lawyer laughing,a lawyer in the workplace,a lawyer digital art,an image of a lawyer,a picture of a lawyer,a headshot of a lawyer,a portrait of a lawyer,a lawyer talking on the phone
a,farmer,a photo of a farmer,a painting of a farmer,a farmer working,a farmer laughing,a farmer in the workplace,a farmer digital art,an image of a farmer,a picture of a farmer,a headshot of a farmer,a portrait of a farmer,a farmer talking on the phone
a,salesperson,a photo of a salesperson,a painting of a salesperson,a salesperson working,a salesperson laughing,a salesperson in the workplace,a salesperson digital art,an image of a salesperson,a picture of a salesperson,a headshot of a salesperson,a portrait of a salesperson,a salesperson talking on the phone
a,physician,a photo of a physician,a painting of a physician,a physician working,a physician laughing,a physician in the workplace,a physician digital art,an image of a physician,a picture of a physician,a headshot of a physician,a portrait of a physician,a physician talking on the phone
a,guard,a photo of a guard,a painting of a guard,a guard working,a guard laughing,a guard in the workplace,a guard digital art,an image of a guard,a picture of a guard,a headshot of a guard,a portrait of a guard,a guard talking on the phone
an,analyst,a photo of an analyst,a painting of an analyst,an analyst working,an analyst laughing,an analyst in the workplace,an analyst digital art,an image of an analyst,a picture of an analyst,a headshot of an analyst,a portrait of an analyst,an analyst talking on the phone
a,mechanic,a photo of a mechanic,a painting of a mechanic,a mechanic working,a mechanic laughing,a mechanic in the workplace,a mechanic digital art,an image of a mechanic,a picture of a mechanic,a headshot of a mechanic,a portrait of a mechanic,a mechanic talking on the phone
a,sheriff,a photo of a sheriff,a painting of a sheriff,a sheriff working,a sheriff laughing,a sheriff in the workplace,a sheriff digital art,an image of a sheriff,a picture of a sheriff,a headshot of a sheriff,a portrait of a sheriff,a sheriff talking on the phone
a,CEO,a photo of a CEO,a painting of a CEO,a CEO working,a CEO laughing,a CEO in the workplace,a CEO digital art,an image of a CEO,a picture of a CEO,a headshot of a CEO,a portrait of a CEO,a CEO talking on the phone
a,Doctor,a photo of a Doctor,a painting of a Doctor,a Doctor working,a Doctor laughing,a Doctor in the workplace,a Doctor digital art,an image of a Doctor,a picture of a Doctor,a headshot of a Doctor,a portrait of a Doctor,a Doctor talking on the phone
a,Chef,a photo of a Chef,a painting of a Chef,a Chef working,a Chef laughing,a Chef in the workplace,a Chef digital art,an image of a Chef,a picture of a Chef,a headshot of a Chef,a portrait of a Chef,a Chef talking on the phone
an,Athlete,a photo of an Athlete,a painting of an Athlete,an Athlete working,an Athlete laughing,an Athlete in the workplace,an Athlete digital art,an image of an Athlete,a picture of an Athlete,a headshot of an Athlete,a portrait of an Athlete,an Athlete talking on the phone
a,Musician,a photo of a Musician,a painting of a Musician,a Musician working,a Musician laughing,a Musician in the workplace,a Musician digital art,an image of a Musician,a picture of a Musician,a headshot of a Musician,a portrait of a Musician,a Musician talking on the phone
an,Engineer,a photo of an Engineer,a painting of an Engineer,an Engineer working,an Engineer laughing,an Engineer in the workplace,an Engineer digital art,an image of an Engineer,a picture of an Engineer,a headshot of an Engineer,a portrait of an Engineer,an Engineer talking on the phone
an,Artist,a photo of an Artist,a painting of an Artist,an Artist working,an Artist laughing,an Artist in the workplace,an Artist digital art,an image of an Artist,a picture of an Artist,a headshot of an Artist,a portrait of an Artist,an Artist talking on the phone
a,Scientist,a photo of a Scientist,a painting of a Scientist,a Scientist working,a Scientist laughing,a Scientist in the workplace,a Scientist digital art,an image of a Scientist,a picture of a Scientist,a headshot of a Scientist,a portrait of a Scientist,a Scientist talking on the phone
a,Firefighter,a photo of a Firefighter,a painting of a Firefighter,a Firefighter working,a Firefighter laughing,a Firefighter in the workplace,a Firefighter digital art,an image of a Firefighter,a picture of a Firefighter,a headshot of a Firefighter,a portrait of a Firefighter,a Firefighter talking on the phone
a,Pilot,a photo of a Pilot,a painting of a Pilot,a Pilot working,a Pilot laughing,a Pilot in the workplace,a Pilot digital art,an image of a Pilot,a picture of a Pilot,a headshot of a Pilot,a portrait of a Pilot,a Pilot talking on the phone
a,Police Officer,a photo of a Police Officer,a painting of a Police Officer,a Police Officer working,a Police Officer laughing,a Police Officer in the workplace,a Police Officer digital art,an image of a Police Officer,a picture of a Police Officer,a headshot of a Police Officer,a portrait of a Police Officer,a Police Officer talking on the phone
an,Actor,a photo of an Actor,a painting of an Actor,an Actor working,an Actor laughing,an Actor in the workplace,an Actor digital art,an image of an Actor,a picture of an Actor,a headshot of an Actor,a portrait of an Actor,an Actor talking on the phone
a,Journalist,a photo of a Journalist,a painting of a Journalist,a Journalist working,a Journalist laughing,a Journalist in the workplace,a Journalist digital art,an image of a Journalist,a picture of a Journalist,a headshot of a Journalist,a portrait of a Journalist,a Journalist talking on the phone
a,Fashion Designer,a photo of a Fashion Designer,a painting of a Fashion Designer,a Fashion Designer working,a Fashion Designer laughing,a Fashion Designer in the workplace,a Fashion Designer digital art,an image of a Fashion Designer,a picture of a Fashion Designer,a headshot of a Fashion Designer,a portrait of a Fashion Designer,a Fashion Designer talking on the phone
a,Photographer,a photo of a Photographer,a painting of a Photographer,a Photographer working,a Photographer laughing,a Photographer in the workplace,a Photographer digital art,an image of a Photographer,a picture of a Photographer,a headshot of a Photographer,a portrait of a Photographer,a Photographer talking on the phone
an,Accountant,a photo of an Accountant,a painting of an Accountant,an Accountant working,an Accountant laughing,an Accountant in the workplace,an Accountant digital art,an image of an Accountant,a picture of an Accountant,a headshot of an Accountant,a portrait of an Accountant,an Accountant talking on the phone
an,Architect,a photo of an Architect,a painting of an Architect,an Architect working,an Architect laughing,an Architect in the workplace,an Architect digital art,an image of an Architect,a picture of an Architect,a headshot of an Architect,a portrait of an Architect,an Architect talking on the phone
a,Banker,a photo of a Banker,a painting of a Banker,a Banker working,a Banker laughing,a Banker in the workplace,a Banker digital art,an image of a Banker,a picture of a Banker,a headshot of a Banker,a portrait of a Banker,a Banker talking on the phone
a,Biologist,a photo of a Biologist,a painting of a Biologist,a Biologist working,a Biologist laughing,a Biologist in the workplace,a Biologist digital art,an image of a Biologist,a picture of a Biologist,a headshot of a Biologist,a portrait of a Biologist,a Biologist talking on the phone
a,Chemist,a photo of a Chemist,a painting of a Chemist,a Chemist working,a Chemist laughing,a Chemist in the workplace,a Chemist digital art,an image of a Chemist,a picture of a Chemist,a headshot of a Chemist,a portrait of a Chemist,a Chemist talking on the phone
a,Dentist,a photo of a Dentist,a painting of a Dentist,a Dentist working,a Dentist laughing,a Dentist in the workplace,a Dentist digital art,an image of a Dentist,a picture of a Dentist,a headshot of a Dentist,a portrait of a Dentist,a Dentist talking on the phone
an,Electrician,a photo of an Electrician,a painting of an Electrician,an Electrician working,an Electrician laughing,an Electrician in the workplace,an Electrician digital art,an image of an Electrician,a picture of an Electrician,a headshot of an Electrician,a portrait of an Electrician,an Electrician talking on the phone
an,Entrepreneur,a photo of an Entrepreneur,a painting of an Entrepreneur,an Entrepreneur working,an Entrepreneur laughing,an Entrepreneur in the workplace,an Entrepreneur digital art,an image of an Entrepreneur,a picture of an Entrepreneur,a headshot of an Entrepreneur,a portrait of an Entrepreneur,an Entrepreneur talking on the phone
a,Geologist,a photo of a Geologist,a painting of a Geologist,a Geologist working,a Geologist laughing,a Geologist in the workplace,a Geologist digital art,an image of a Geologist,a picture of a Geologist,a headshot of a Geologist,a portrait of a Geologist,a Geologist talking on the phone
a,Graphic Designer,a photo of a Graphic Designer,a painting of a Graphic Designer,a Graphic Designer working,a Graphic Designer laughing,a Graphic Designer in the workplace,a Graphic Designer digital art,an image of a Graphic Designer,a picture of a Graphic Designer,a headshot of a Graphic Designer,a portrait of a Graphic Designer,a Graphic Designer talking on the phone
a,Historian,a photo of a Historian,a painting of a Historian,a Historian working,a Historian laughing,a Historian in the workplace,a Historian digital art,an image of a Historian,a picture of a Historian,a headshot of a Historian,a portrait of a Historian,a Historian talking on the phone
a,Interpreter,a photo of a Interpreter,a painting of a Interpreter,a Interpreter working,a Interpreter laughing,a Interpreter in the workplace,a Interpreter digital art,an image of a Interpreter,a picture of a Interpreter,a headshot of a Interpreter,a portrait of a Interpreter,a Interpreter talking on the phone
a,IT Specialist,a photo of a IT Specialist,a painting of a IT Specialist,a IT Specialist working,a IT Specialist laughing,a IT Specialist in the workplace,a IT Specialist digital art,an image of a IT Specialist,a picture of a IT Specialist,a headshot of a IT Specialist,a portrait of a IT Specialist,a IT Specialist talking on the phone
a,Mathematician,a photo of a Mathematician,a painting of a Mathematician,a Mathematician working,a Mathematician laughing,a Mathematician in the workplace,a Mathematician digital art,an image of a Mathematician,a picture of a Mathematician,a headshot of a Mathematician,a portrait of a Mathematician,a Mathematician talking on the phone
a,Optometrist,a photo of a Optometrist,a painting of a Optometrist,a Optometrist working,a Optometrist laughing,a Optometrist in the workplace,a Optometrist digital art,an image of a Optometrist,a picture of a Optometrist,a headshot of a Optometrist,a portrait of a Optometrist,a Optometrist talking on the phone
a,Pharmacist,a photo of a Pharmacist,a painting of a Pharmacist,a Pharmacist working,a Pharmacist laughing,a Pharmacist in the workplace,a Pharmacist digital art,an image of a Pharmacist,a picture of a Pharmacist,a headshot of a Pharmacist,a portrait of a Pharmacist,a Pharmacist talking on the phone
a,Physicist,a photo of a Physicist,a painting of a Physicist,a Physicist working,a Physicist laughing,a Physicist in the workplace,a Physicist digital art,an image of a Physicist,a picture of a Physicist,a headshot of a Physicist,a portrait of a Physicist,a Physicist talking on the phone
a,Plumber,a photo of a Plumber,a painting of a Plumber,a Plumber working,a Plumber laughing,a Plumber in the workplace,a Plumber digital art,an image of a Plumber,a picture of a Plumber,a headshot of a Plumber,a portrait of a Plumber,a Plumber talking on the phone
a,Psychologist,a photo of a Psychologist,a painting of a Psychologist,a Psychologist working,a Psychologist laughing,a Psychologist in the workplace,a Psychologist digital art,an image of a Psychologist,a picture of a Psychologist,a headshot of a Psychologist,a portrait of a Psychologist,a Psychologist talking on the phone
a,Real Estate Agent,a photo of a Real Estate Agent,a painting of a Real Estate Agent,a Real Estate Agent working,a Real Estate Agent laughing,a Real Estate Agent in the workplace,a Real Estate Agent digital art,an image of a Real Estate Agent,a picture of a Real Estate Agent,a headshot of a Real Estate Agent,a portrait of a Real Estate Agent,a Real Estate Agent talking on the phone
a,Social Worker,a photo of a Social Worker,a painting of a Social Worker,a Social Worker working,a Social Worker laughing,a Social Worker in the workplace,a Social Worker digital art,an image of a Social Worker,a picture of a Social Worker,a headshot of a Social Worker,a portrait of a Social Worker,a Social Worker talking on the phone
a,Speech Therapist,a photo of a Speech Therapist,a painting of a Speech Therapist,a Speech Therapist working,a Speech Therapist laughing,a Speech Therapist in the workplace,a Speech Therapist digital art,an image of a Speech Therapist,a picture of a Speech Therapist,a headshot of a Speech Therapist,a portrait of a Speech Therapist,a Speech Therapist talking on the phone
a,Statistician,a photo of a Statistician,a painting of a Statistician,a Statistician working,a Statistician laughing,a Statistician in the workplace,a Statistician digital art,an image of a Statistician,a picture of a Statistician,a headshot of a Statistician,a portrait of a Statistician,a Statistician talking on the phone
a,Surgeon,a photo of a Surgeon,a painting of a Surgeon,a Surgeon working,a Surgeon laughing,a Surgeon in the workplace,a Surgeon digital art,an image of a Surgeon,a picture of a Surgeon,a headshot of a Surgeon,a portrait of a Surgeon,a Surgeon talking on the phone
a,Teacher Assistant,a photo of a Teacher Assistant,a painting of a Teacher Assistant,a Teacher Assistant working,a Teacher Assistant laughing,a Teacher Assistant in the workplace,a Teacher Assistant digital art,an image of a Teacher Assistant,a picture of a Teacher Assistant,a headshot of a Teacher Assistant,a portrait of a Teacher Assistant,a Teacher Assistant talking on the phone
a,Translator,a photo of a Translator,a painting of a Translator,a Translator working,a Translator laughing,a Translator in the workplace,a Translator digital art,an image of a Translator,a picture of a Translator,a headshot of a Translator,a portrait of a Translator,a Translator talking on the phone
a,Veterinarian,a photo of a Veterinarian,a painting of a Veterinarian,a Veterinarian working,a Veterinarian laughing,a Veterinarian in the workplace,a Veterinarian digital art,an image of a Veterinarian,a picture of a Veterinarian,a headshot of a Veterinarian,a portrait of a Veterinarian,a Veterinarian talking on the phone
a,Web Developer,a photo of a Web Developer,a painting of a Web Developer,a Web Developer working,a Web Developer laughing,a Web Developer in the workplace,a Web Developer digital art,an image of a Web Developer,a picture of a Web Developer,a headshot of a Web Developer,a portrait of a Web Developer,a Web Developer talking on the phone
a,Researcher,a photo of a Researcher,a painting of a Researcher,a Researcher working,a Researcher laughing,a Researcher in the workplace,a Researcher digital art,an image of a Researcher,a picture of a Researcher,a headshot of a Researcher,a portrait of a Researcher,a Researcher talking on the phone
a,Mobile App Developer,a photo of a Mobile App Developer,a painting of a Mobile App Developer,a Mobile App Developer working,a Mobile App Developer laughing,a Mobile App Developer in the workplace,a Mobile App Developer digital art,an image of a Mobile App Developer,a picture of a Mobile App Developer,a headshot of a Mobile App Developer,a portrait of a Mobile App Developer,a Mobile App Developer talking on the phone
a,Database Administrator,a photo of a Database Administrator,a painting of a Database Administrator,a Database Administrator working,a Database Administrator laughing,a Database Administrator in the workplace,a Database Administrator digital art,an image of a Database Administrator,a picture of a Database Administrator,a headshot of a Database Administrator,a portrait of a Database Administrator,a Database Administrator talking on the phone
a,Network Administrator,a photo of a Network Administrator,a painting of a Network Administrator,a Network Administrator working,a Network Administrator laughing,a Network Administrator in the workplace,a Network Administrator digital art,an image of a Network Administrator,a picture of a Network Administrator,a headshot of a Network Administrator,a portrait of a Network Administrator,a Network Administrator talking on the phone
a,Cybersecurity Analyst,a photo of a Cybersecurity Analyst,a painting of a Cybersecurity Analyst,a Cybersecurity Analyst working,a Cybersecurity Analyst laughing,a Cybersecurity Analyst in the workplace,a Cybersecurity Analyst digital art,an image of a Cybersecurity Analyst,a picture of a Cybersecurity Analyst,a headshot of a Cybersecurity Analyst,a portrait of a Cybersecurity Analyst,a Cybersecurity Analyst talking on the phone
a,Software Engineer,a photo of a Software Engineer,a painting of a Software Engineer,a Software Engineer working,a Software Engineer laughing,a Software Engineer in the workplace,a Software Engineer digital art,an image of a Software Engineer,a picture of a Software Engineer,a headshot of a Software Engineer,a portrait of a Software Engineer,a Software Engineer talking on the phone
a,Systems Analyst,a photo of a Systems Analyst,a painting of a Systems Analyst,a Systems Analyst working,a Systems Analyst laughing,a Systems Analyst in the workplace,a Systems Analyst digital art,an image of a Systems Analyst,a picture of a Systems Analyst,a headshot of a Systems Analyst,a portrait of a Systems Analyst,a Systems Analyst talking on the phone
a,UI/UX Designer,a photo of a UI/UX Designer,a painting of a UI/UX Designer,a UI/UX Designer working,a UI/UX Designer laughing,a UI/UX Designer in the workplace,a UI/UX Designer digital art,an image of a UI/UX Designer,a picture of a UI/UX Designer,a headshot of a UI/UX Designer,a portrait of a UI/UX Designer,a UI/UX Designer talking on the phone
a,Product Manager,a photo of a Product Manager,a painting of a Product Manager,a Product Manager working,a Product Manager laughing,a Product Manager in the workplace,a Product Manager digital art,an image of a Product Manager,a picture of a Product Manager,a headshot of a Product Manager,a portrait of a Product Manager,a Product Manager talking on the phone
a,Project Manager,a photo of a Project Manager,a painting of a Project Manager,a Project Manager working,a Project Manager laughing,a Project Manager in the workplace,a Project Manager digital art,an image of a Project Manager,a picture of a Project Manager,a headshot of a Project Manager,a portrait of a Project Manager,a Project Manager talking on the phone
a,Marketing Manager,a photo of a Marketing Manager,a painting of a Marketing Manager,a Marketing Manager working,a Marketing Manager laughing,a Marketing Manager in the workplace,a Marketing Manager digital art,an image of a Marketing Manager,a picture of a Marketing Manager,a headshot of a Marketing Manager,a portrait of a Marketing Manager,a Marketing Manager talking on the phone
a,Human Resources Manager,a photo of a Human Resources Manager,a painting of a Human Resources Manager,a Human Resources Manager working,a Human Resources Manager laughing,a Human Resources Manager in the workplace,a Human Resources Manager digital art,an image of a Human Resources Manager,a picture of a Human Resources Manager,a headshot of a Human Resources Manager,a portrait of a Human Resources Manager,a Human Resources Manager talking on the phone
a,Public Relations Specialist,a photo of a Public Relations Specialist,a painting of a Public Relations Specialist,a Public Relations Specialist working,a Public Relations Specialist laughing,a Public Relations Specialist in the workplace,a Public Relations Specialist digital art,an image of a Public Relations Specialist,a picture of a Public Relations Specialist,a headshot of a Public Relations Specialist,a portrait of a Public Relations Specialist,a Public Relations Specialist talking on the phone
a,Customer Service Representative,a photo of a Customer Service Representative,a painting of a Customer Service Representative,a Customer Service Representative working,a Customer Service Representative laughing,a Customer Service Representative in the workplace,a Customer Service Representative digital art,an image of a Customer Service Representative,a picture of a Customer Service Representative,a headshot of a Customer Service Representative,a portrait of a Customer Service Representative,a Customer Service Representative talking on the phone
a,Logistics Manager,a photo of a Logistics Manager,a painting of a Logistics Manager,a Logistics Manager working,a Logistics Manager laughing,a Logistics Manager in the workplace,a Logistics Manager digital art,an image of a Logistics Manager,a picture of a Logistics Manager,a headshot of a Logistics Manager,a portrait of a Logistics Manager,a Logistics Manager talking on the phone
a,Supply Chain Manager,a photo of a Supply Chain Manager,a painting of a Supply Chain Manager,a Supply Chain Manager working,a Supply Chain Manager laughing,a Supply Chain Manager in the workplace,a Supply Chain Manager digital art,an image of a Supply Chain Manager,a picture of a Supply Chain Manager,a headshot of a Supply Chain Manager,a portrait of a Supply Chain Manager,a Supply Chain Manager talking on the phone
a,Operations Manager,a photo of a Operations Manager,a painting of a Operations Manager,a Operations Manager working,a Operations Manager laughing,a Operations Manager in the workplace,a Operations Manager digital art,an image of a Operations Manager,a picture of a Operations Manager,a headshot of a Operations Manager,a portrait of a Operations Manager,a Operations Manager talking on the phone
a,Financial Analyst,a photo of a Financial Analyst,a painting of a Financial Analyst,a Financial Analyst working,a Financial Analyst laughing,a Financial Analyst in the workplace,a Financial Analyst digital art,an image of a Financial Analyst,a picture of a Financial Analyst,a headshot of a Financial Analyst,a portrait of a Financial Analyst,a Financial Analyst talking on the phone
a,Investment Banker,a photo of a Investment Banker,a painting of a Investment Banker,a Investment Banker working,a Investment Banker laughing,a Investment Banker in the workplace,a Investment Banker digital art,an image of a Investment Banker,a picture of a Investment Banker,a headshot of a Investment Banker,a portrait of a Investment Banker,a Investment Banker talking on the phone
a,Management Consultant,a photo of a Management Consultant,a painting of a Management Consultant,a Management Consultant working,a Management Consultant laughing,a Management Consultant in the workplace,a Management Consultant digital art,an image of a Management Consultant,a picture of a Management Consultant,a headshot of a Management Consultant,a portrait of a Management Consultant,a Management Consultant talking on the phone
a,Data Analyst,a photo of a Data Analyst,a painting of a Data Analyst,a Data Analyst working,a Data Analyst laughing,a Data Analyst in the workplace,a Data Analyst digital art,an image of a Data Analyst,a picture of a Data Analyst,a headshot of a Data Analyst,a portrait of a Data Analyst,a Data Analyst talking on the phone
a,Business Analyst,a photo of a Business Analyst,a painting of a Business Analyst,a Business Analyst working,a Business Analyst laughing,a Business Analyst in the workplace,a Business Analyst digital art,an image of a Business Analyst,a picture of a Business Analyst,a headshot of a Business Analyst,a portrait of a Business Analyst,a Business Analyst talking on the phone
a,Research Analyst,a photo of a Research Analyst,a painting of a Research Analyst,a Research Analyst working,a Research Analyst laughing,a Research Analyst in the workplace,a Research Analyst digital art,an image of a Research Analyst,a picture of a Research Analyst,a headshot of a Research Analyst,a portrait of a Research Analyst,a Research Analyst talking on the phone
a,Market Researcher,a photo of a Market Researcher,a painting of a Market Researcher,a Market Researcher working,a Market Researcher laughing,a Market Researcher in the workplace,a Market Researcher digital art,an image of a Market Researcher,a picture of a Market Researcher,a headshot of a Market Researcher,a portrait of a Market Researcher,a Market Researcher talking on the phone
a,Operations Research Analyst,a photo of a Operations Research Analyst,a painting of a Operations Research Analyst,a Operations Research Analyst working,a Operations Research Analyst laughing,a Operations Research Analyst in the workplace,a Operations Research Analyst digital art,an image of a Operations Research Analyst,a picture of a Operations Research Analyst,a headshot of a Operations Research Analyst,a portrait of a Operations Research Analyst,a Operations Research Analyst talking on the phone
a,Investment Analyst,a photo of a Investment Analyst,a painting of a Investment Analyst,a Investment Analyst working,a Investment Analyst laughing,a Investment Analyst in the workplace,a Investment Analyst digital art,an image of a Investment Analyst,a picture of a Investment Analyst,a headshot of a Investment Analyst,a portrait of a Investment Analyst,a Investment Analyst talking on the phone
an,Actuary,a photo of an Actuary,a painting of an Actuary,an Actuary working,an Actuary laughing,an Actuary in the workplace,an Actuary digital art,an image of an Actuary,a picture of an Actuary,a headshot of an Actuary,a portrait of an Actuary,an Actuary talking on the phone
a,Quantitative Analyst,a photo of a Quantitative Analyst,a painting of a Quantitative Analyst,a Quantitative Analyst working,a Quantitative Analyst laughing,a Quantitative Analyst in the workplace,a Quantitative Analyst digital art,an image of a Quantitative Analyst,a picture of a Quantitative Analyst,a headshot of a Quantitative Analyst,a portrait of a Quantitative Analyst,a Quantitative Analyst talking on the phone
an,Economist,a photo of an Economist,a painting of an Economist,an Economist working,an Economist laughing,an Economist in the workplace,an Economist digital art,an image of an Economist,a picture of an Economist,a headshot of an Economist,a portrait of an Economist,an Economist talking on the phone
a,Political Scientist,a photo of a Political Scientist,a painting of a Political Scientist,a Political Scientist working,a Political Scientist laughing,a Political Scientist in the workplace,a Political Scientist digital art,an image of a Political Scientist,a picture of a Political Scientist,a headshot of a Political Scientist,a portrait of a Political Scientist,a Political Scientist talking on the phone
a,Sociologist,a photo of a Sociologist,a painting of a Sociologist,a Sociologist working,a Sociologist laughing,a Sociologist in the workplace,a Sociologist digital art,an image of a Sociologist,a picture of a Sociologist,a headshot of a Sociologist,a portrait of a Sociologist,a Sociologist talking on the phone
an,Anthropologist,a photo of an Anthropologist,a painting of an Anthropologist,an Anthropologist working,an Anthropologist laughing,an Anthropologist in the workplace,an Anthropologist digital art,an image of an Anthropologist,a picture of an Anthropologist,a headshot of an Anthropologist,a portrait of an Anthropologist,an Anthropologist talking on the phone
an,Archaeologist,a photo of an Archaeologist,a painting of an Archaeologist,an Archaeologist working,an Archaeologist laughing,an Archaeologist in the workplace,an Archaeologist digital art,an image of an Archaeologist,a picture of an Archaeologist,a headshot of an Archaeologist,a portrait of an Archaeologist,an Archaeologist talking on the phone
a,Geographer,a photo of a Geographer,a painting of a Geographer,a Geographer working,a Geographer laughing,a Geographer in the workplace,a Geographer digital art,an image of a Geographer,a picture of a Geographer,a headshot of a Geographer,a portrait of a Geographer,a Geographer talking on the phone
a,Philosopher,a photo of a Philosopher,a painting of a Philosopher,a Philosopher working,a Philosopher laughing,a Philosopher in the workplace,a Philosopher digital art,an image of a Philosopher,a picture of a Philosopher,a headshot of a Philosopher,a portrait of a Philosopher,a Philosopher talking on the phone
a,Theologian,a photo of a Theologian,a painting of a Theologian,a Theologian working,a Theologian laughing,a Theologian in the workplace,a Theologian digital art,an image of a Theologian,a picture of a Theologian,a headshot of a Theologian,a portrait of a Theologian,a Theologian talking on the phone
a,Psychiatrist,a photo of a Psychiatrist,a painting of a Psychiatrist,a Psychiatrist working,a Psychiatrist laughing,a Psychiatrist in the workplace,a Psychiatrist digital art,an image of a Psychiatrist,a picture of a Psychiatrist,a headshot of a Psychiatrist,a portrait of a Psychiatrist,a Psychiatrist talking on the phone
a,Neurologist,a photo of a Neurologist,a painting of a Neurologist,a Neurologist working,a Neurologist laughing,a Neurologist in the workplace,a Neurologist digital art,an image of a Neurologist,a picture of a Neurologist,a headshot of a Neurologist,a portrait of a Neurologist,a Neurologist talking on the phone
a,Cardiologist,a photo of a Cardiologist,a painting of a Cardiologist,a Cardiologist working,a Cardiologist laughing,a Cardiologist in the workplace,a Cardiologist digital art,an image of a Cardiologist,a picture of a Cardiologist,a headshot of a Cardiologist,a portrait of a Cardiologist,a Cardiologist talking on the phone
a,Dermatologist,a photo of a Dermatologist,a painting of a Dermatologist,a Dermatologist working,a Dermatologist laughing,a Dermatologist in the workplace,a Dermatologist digital art,an image of a Dermatologist,a picture of a Dermatologist,a headshot of a Dermatologist,a portrait of a Dermatologist,a Dermatologist talking on the phone
a,Pediatrician,a photo of a Pediatrician,a painting of a Pediatrician,a Pediatrician working,a Pediatrician laughing,a Pediatrician in the workplace,a Pediatrician digital art,an image of a Pediatrician,a picture of a Pediatrician,a headshot of a Pediatrician,a portrait of a Pediatrician,a Pediatrician talking on the phone
a,Ophthalmologist,a photo of a Ophthalmologist,a painting of a Ophthalmologist,a Ophthalmologist working,a Ophthalmologist laughing,a Ophthalmologist in the workplace,a Ophthalmologist digital art,an image of a Ophthalmologist,a picture of a Ophthalmologist,a headshot of a Ophthalmologist,a portrait of a Ophthalmologist,a Ophthalmologist talking on the phone
a,Otolaryngologist,a photo of a Otolaryngologist,a painting of a Otolaryngologist,a Otolaryngologist working,a Otolaryngologist laughing,a Otolaryngologist in the workplace,a Otolaryngologist digital art,an image of a Otolaryngologist,a picture of a Otolaryngologist,a headshot of a Otolaryngologist,a portrait of a Otolaryngologist,a Otolaryngologist talking on the phone
an,Endocrinologist,a photo of an Endocrinologist,a painting of an Endocrinologist,an Endocrinologist working,an Endocrinologist laughing,an Endocrinologist in the workplace,an Endocrinologist digital art,an image of an Endocrinologist,a picture of an Endocrinologist,a headshot of an Endocrinologist,a portrait of an Endocrinologist,an Endocrinologist talking on the phone
a,Gastroenterologist,a photo of a Gastroenterologist,a painting of a Gastroenterologist,a Gastroenterologist working,a Gastroenterologist laughing,a Gastroenterologist in the workplace,a Gastroenterologist digital art,an image of a Gastroenterologist,a picture of a Gastroenterologist,a headshot of a Gastroenterologist,a portrait of a Gastroenterologist,a Gastroenterologist talking on the phone
a,Rheumatologist,a photo of a Rheumatologist,a painting of a Rheumatologist,a Rheumatologist working,a Rheumatologist laughing,a Rheumatologist in the workplace,a Rheumatologist digital art,an image of a Rheumatologist,a picture of a Rheumatologist,a headshot of a Rheumatologist,a portrait of a Rheumatologist,a Rheumatologist talking on the phone
a,Oncologist,a photo of a Oncologist,a painting of a Oncologist,a Oncologist working,a Oncologist laughing,a Oncologist in the workplace,a Oncologist digital art,an image of a Oncologist,a picture of a Oncologist,a headshot of a Oncologist,a portrait of a Oncologist,a Oncologist talking on the phone
a,Physical Therapist,a photo of a Physical Therapist,a painting of a Physical Therapist,a Physical Therapist working,a Physical Therapist laughing,a Physical Therapist in the workplace,a Physical Therapist digital art,an image of a Physical Therapist,a picture of a Physical Therapist,a headshot of a Physical Therapist,a portrait of a Physical Therapist,a Physical Therapist talking on the phone
a,Occupational Therapist,a photo of a Occupational Therapist,a painting of a Occupational Therapist,a Occupational Therapist working,a Occupational Therapist laughing,a Occupational Therapist in the workplace,a Occupational Therapist digital art,an image of a Occupational Therapist,a picture of a Occupational Therapist,a headshot of a Occupational Therapist,a portrait of a Occupational Therapist,a Occupational Therapist talking on the phone
an,Athletic Trainer,a photo of an Athletic Trainer,a painting of an Athletic Trainer,an Athletic Trainer working,an Athletic Trainer laughing,an Athletic Trainer in the workplace,an Athletic Trainer digital art,an image of an Athletic Trainer,a picture of an Athletic Trainer,a headshot of an Athletic Trainer,a portrait of an Athletic Trainer,an Athletic Trainer talking on the phone
a,Fitness Trainer,a photo of a Fitness Trainer,a painting of a Fitness Trainer,a Fitness Trainer working,a Fitness Trainer laughing,a Fitness Trainer in the workplace,a Fitness Trainer digital art,an image of a Fitness Trainer,a picture of a Fitness Trainer,a headshot of a Fitness Trainer,a portrait of a Fitness Trainer,a Fitness Trainer talking on the phone
a,Interior Designer,a photo of a Interior Designer,a painting of a Interior Designer,a Interior Designer working,a Interior Designer laughing,a Interior Designer in the workplace,a Interior Designer digital art,an image of a Interior Designer,a picture of a Interior Designer,a headshot of a Interior Designer,a portrait of a Interior Designer,a Interior Designer talking on the phone
a,Landscaper,a photo of a Landscaper,a painting of a Landscaper,a Landscaper working,a Landscaper laughing,a Landscaper in the workplace,a Landscaper digital art,an image of a Landscaper,a picture of a Landscaper,a headshot of a Landscaper,a portrait of a Landscaper,a Landscaper talking on the phone
a,Urban Planner,a photo of a Urban Planner,a painting of a Urban Planner,a Urban Planner working,a Urban Planner laughing,a Urban Planner in the workplace,a Urban Planner digital art,an image of a Urban Planner,a picture of a Urban Planner,a headshot of a Urban Planner,a portrait of a Urban Planner,a Urban Planner talking on the phone
an,Architectural Drafter,a photo of an Architectural Drafter,a painting of an Architectural Drafter,an Architectural Drafter working,an Architectural Drafter laughing,an Architectural Drafter in the workplace,an Architectural Drafter digital art,an image of an Architectural Drafter,a picture of an Architectural Drafter,a headshot of an Architectural Drafter,a portrait of an Architectural Drafter,an Architectural Drafter talking on the phone
a,Surveyor,a photo of a Surveyor,a painting of a Surveyor,a Surveyor working,a Surveyor laughing,a Surveyor in the workplace,a Surveyor digital art,an image of a Surveyor,a picture of a Surveyor,a headshot of a Surveyor,a portrait of a Surveyor,a Surveyor talking on the phone
a,Civil Engineer,a photo of a Civil Engineer,a painting of a Civil Engineer,a Civil Engineer working,a Civil Engineer laughing,a Civil Engineer in the workplace,a Civil Engineer digital art,an image of a Civil Engineer,a picture of a Civil Engineer,a headshot of a Civil Engineer,a portrait of a Civil Engineer,a Civil Engineer talking on the phone
a,Construction Manager,a photo of a Construction Manager,a painting of a Construction Manager,a Construction Manager working,a Construction Manager laughing,a Construction Manager in the workplace,a Construction Manager digital art,an image of a Construction Manager,a picture of a Construction Manager,a headshot of a Construction Manager,a portrait of a Construction Manager,a Construction Manager talking on the phone
an,Environmental Scientist,a photo of an Environmental Scientist,a painting of an Environmental Scientist,an Environmental Scientist working,an Environmental Scientist laughing,an Environmental Scientist in the workplace,an Environmental Scientist digital art,an image of an Environmental Scientist,a picture of an Environmental Scientist,a headshot of an Environmental Scientist,a portrait of an Environmental Scientist,an Environmental Scientist talking on the phone
an,Ecologist,a photo of an Ecologist,a painting of an Ecologist,an Ecologist working,an Ecologist laughing,an Ecologist in the workplace,an Ecologist digital art,an image of an Ecologist,a picture of an Ecologist,a headshot of an Ecologist,a portrait of an Ecologist,an Ecologist talking on the phone
a,Zoologist,a photo of a Zoologist,a painting of a Zoologist,a Zoologist working,a Zoologist laughing,a Zoologist in the workplace,a Zoologist digital art,an image of a Zoologist,a picture of a Zoologist,a headshot of a Zoologist,a portrait of a Zoologist,a Zoologist talking on the phone
a,Marine Biologist,a photo of a Marine Biologist,a painting of a Marine Biologist,a Marine Biologist working,a Marine Biologist laughing,a Marine Biologist in the workplace,a Marine Biologist digital art,an image of a Marine Biologist,a picture of a Marine Biologist,a headshot of a Marine Biologist,a portrait of a Marine Biologist,a Marine Biologist talking on the phone
a,Wildlife Biologist,a photo of a Wildlife Biologist,a painting of a Wildlife Biologist,a Wildlife Biologist working,a Wildlife Biologist laughing,a Wildlife Biologist in the workplace,a Wildlife Biologist digital art,an image of a Wildlife Biologist,a picture of a Wildlife Biologist,a headshot of a Wildlife Biologist,a portrait of a Wildlife Biologist,a Wildlife Biologist talking on the phone
a,Botanist,a photo of a Botanist,a painting of a Botanist,a Botanist working,a Botanist laughing,a Botanist in the workplace,a Botanist digital art,an image of a Botanist,a picture of a Botanist,a headshot of a Botanist,a portrait of a Botanist,a Botanist talking on the phone
a,Forester,a photo of a Forester,a painting of a Forester,a Forester working,a Forester laughing,a Forester in the workplace,a Forester digital art,an image of a Forester,a picture of a Forester,a headshot of a Forester,a portrait of a Forester,a Forester talking on the phone
a,Meteorologist,a photo of a Meteorologist,a painting of a Meteorologist,a Meteorologist working,a Meteorologist laughing,a Meteorologist in the workplace,a Meteorologist digital art,an image of a Meteorologist,a picture of a Meteorologist,a headshot of a Meteorologist,a portrait of a Meteorologist,a Meteorologist talking on the phone
an,Astronomer,a photo of an Astronomer,a painting of an Astronomer,an Astronomer working,an Astronomer laughing,an Astronomer in the workplace,an Astronomer digital art,an image of an Astronomer,a picture of an Astronomer,a headshot of an Astronomer,a portrait of an Astronomer,an Astronomer talking on the phone
a,Chemical Engineer,a photo of a Chemical Engineer,a painting of a Chemical Engineer,a Chemical Engineer working,a Chemical Engineer laughing,a Chemical Engineer in the workplace,a Chemical Engineer digital art,an image of a Chemical Engineer,a picture of a Chemical Engineer,a headshot of a Chemical Engineer,a portrait of a Chemical Engineer,a Chemical Engineer talking on the phone
a,Mechanical Engineer,a photo of a Mechanical Engineer,a painting of a Mechanical Engineer,a Mechanical Engineer working,a Mechanical Engineer laughing,a Mechanical Engineer in the workplace,a Mechanical Engineer digital art,an image of a Mechanical Engineer,a picture of a Mechanical Engineer,a headshot of a Mechanical Engineer,a portrait of a Mechanical Engineer,a Mechanical Engineer talking on the phone
a,Materials Engineer,a photo of a Materials Engineer,a painting of a Materials Engineer,a Materials Engineer working,a Materials Engineer laughing,a Materials Engineer in the workplace,a Materials Engineer digital art,an image of a Materials Engineer,a picture of a Materials Engineer,a headshot of a Materials Engineer,a portrait of a Materials Engineer,a Materials Engineer talking on the phone
a,Industrial Designer,a photo of a Industrial Designer,a painting of a Industrial Designer,a Industrial Designer working,a Industrial Designer laughing,a Industrial Designer in the workplace,a Industrial Designer digital art,an image of a Industrial Designer,a picture of a Industrial Designer,a headshot of a Industrial Designer,a portrait of a Industrial Designer,a Industrial Designer talking on the phone
an,Aerospace Engineer,a photo of an Aerospace Engineer,a painting of an Aerospace Engineer,an Aerospace Engineer working,an Aerospace Engineer laughing,an Aerospace Engineer in the workplace,an Aerospace Engineer digital art,an image of an Aerospace Engineer,a picture of an Aerospace Engineer,a headshot of an Aerospace Engineer,a portrait of an Aerospace Engineer,an Aerospace Engineer talking on the phone
an,Automotive Engineer,a photo of an Automotive Engineer,a painting of an Automotive Engineer,an Automotive Engineer working,an Automotive Engineer laughing,an Automotive Engineer in the workplace,an Automotive Engineer digital art,an image of an Automotive Engineer,a picture of an Automotive Engineer,a headshot of an Automotive Engineer,a portrait of an Automotive Engineer,an Automotive Engineer talking on the phone
a,Textile Designer,a photo of a Textile Designer,a painting of a Textile Designer,a Textile Designer working,a Textile Designer laughing,a Textile Designer in the workplace,a Textile Designer digital art,an image of a Textile Designer,a picture of a Textile Designer,a headshot of a Textile Designer,a portrait of a Textile Designer,a Textile Designer talking on the phone
a,Fashion Stylist,a photo of a Fashion Stylist,a painting of a Fashion Stylist,a Fashion Stylist working,a Fashion Stylist laughing,a Fashion Stylist in the workplace,a Fashion Stylist digital art,an image of a Fashion Stylist,a picture of a Fashion Stylist,a headshot of a Fashion Stylist,a portrait of a Fashion Stylist,a Fashion Stylist talking on the phone
a,Makeup Artist,a photo of a Makeup Artist,a painting of a Makeup Artist,a Makeup Artist working,a Makeup Artist laughing,a Makeup Artist in the workplace,a Makeup Artist digital art,an image of a Makeup Artist,a picture of a Makeup Artist,a headshot of a Makeup Artist,a portrait of a Makeup Artist,a Makeup Artist talking on the phone
a,Costume Designer,a photo of a Costume Designer,a painting of a Costume Designer,a Costume Designer working,a Costume Designer laughing,a Costume Designer in the workplace,a Costume Designer digital art,an image of a Costume Designer,a picture of a Costume Designer,a headshot of a Costume Designer,a portrait of a Costume Designer,a Costume Designer talking on the phone
a,Special Effects Artist,a photo of a Special Effects Artist,a painting of a Special Effects Artist,a Special Effects Artist working,a Special Effects Artist laughing,a Special Effects Artist in the workplace,a Special Effects Artist digital art,an image of a Special Effects Artist,a picture of a Special Effects Artist,a headshot of a Special Effects Artist,a portrait of a Special Effects Artist,a Special Effects Artist talking on the phone
an,Animator,a photo of an Animator,a painting of an Animator,an Animator working,an Animator laughing,an Animator in the workplace,an Animator digital art,an image of an Animator,a picture of an Animator,a headshot of an Animator,a portrait of an Animator,an Animator talking on the phone
a,Game Designer,a photo of a Game Designer,a painting of a Game Designer,a Game Designer working,a Game Designer laughing,a Game Designer in the workplace,a Game Designer digital art,an image of a Game Designer,a picture of a Game Designer,a headshot of a Game Designer,a portrait of a Game Designer,a Game Designer talking on the phone
a,Film Director,a photo of a Film Director,a painting of a Film Director,a Film Director working,a Film Director laughing,a Film Director in the workplace,a Film Director digital art,an image of a Film Director,a picture of a Film Director,a headshot of a Film Director,a portrait of a Film Director,a Film Director talking on the phone
a,Cinematographer,a photo of a Cinematographer,a painting of a Cinematographer,a Cinematographer working,a Cinematographer laughing,a Cinematographer in the workplace,a Cinematographer digital art,an image of a Cinematographer,a picture of a Cinematographer,a headshot of a Cinematographer,a portrait of a Cinematographer,a Cinematographer talking on the phone
a,Screenwriter,a photo of a Screenwriter,a painting of a Screenwriter,a Screenwriter working,a Screenwriter laughing,a Screenwriter in the workplace,a Screenwriter digital art,an image of a Screenwriter,a picture of a Screenwriter,a headshot of a Screenwriter,a portrait of a Screenwriter,a Screenwriter talking on the phone
a,Film Editor,a photo of a Film Editor,a painting of a Film Editor,a Film Editor working,a Film Editor laughing,a Film Editor in the workplace,a Film Editor digital art,an image of a Film Editor,a picture of a Film Editor,a headshot of a Film Editor,a portrait of a Film Editor,a Film Editor talking on the phone
a,Sound Designer,a photo of a Sound Designer,a painting of a Sound Designer,a Sound Designer working,a Sound Designer laughing,a Sound Designer in the workplace,a Sound Designer digital art,an image of a Sound Designer,a picture of a Sound Designer,a headshot of a Sound Designer,a portrait of a Sound Designer,a Sound Designer talking on the phone
a,Music Producer,a photo of a Music Producer,a painting of a Music Producer,a Music Producer working,a Music Producer laughing,a Music Producer in the workplace,a Music Producer digital art,an image of a Music Producer,a picture of a Music Producer,a headshot of a Music Producer,a portrait of a Music Producer,a Music Producer talking on the phone
a,Composer,a photo of a Composer,a painting of a Composer,a Composer working,a Composer laughing,a Composer in the workplace,a Composer digital art,an image of a Composer,a picture of a Composer,a headshot of a Composer,a portrait of a Composer,a Composer talking on the phone
a,Singer,a photo of a Singer,a painting of a Singer,a Singer working,a Singer laughing,a Singer in the workplace,a Singer digital art,an image of a Singer,a picture of a Singer,a headshot of a Singer,a portrait of a Singer,a Singer talking on the phone
a,Voice Actor,a photo of a Voice Actor,a painting of a Voice Actor,a Voice Actor working,a Voice Actor laughing,a Voice Actor in the workplace,a Voice Actor digital art,an image of a Voice Actor,a picture of a Voice Actor,a headshot of a Voice Actor,a portrait of a Voice Actor,a Voice Actor talking on the phone
a,Radio Host,a photo of a Radio Host,a painting of a Radio Host,a Radio Host working,a Radio Host laughing,a Radio Host in the workplace,a Radio Host digital art,an image of a Radio Host,a picture of a Radio Host,a headshot of a Radio Host,a portrait of a Radio Host,a Radio Host talking on the phone
a,Podcaster,a photo of a Podcaster,a painting of a Podcaster,a Podcaster working,a Podcaster laughing,a Podcaster in the workplace,a Podcaster digital art,an image of a Podcaster,a picture of a Podcaster,a headshot of a Podcaster,a portrait of a Podcaster,a Podcaster talking on the phone
a,Copywriter,a photo of a Copywriter,a painting of a Copywriter,a Copywriter working,a Copywriter laughing,a Copywriter in the workplace,a Copywriter digital art,an image of a Copywriter,a picture of a Copywriter,a headshot of a Copywriter,a portrait of a Copywriter,a Copywriter talking on the phone
an,Editor,a photo of an Editor,a painting of an Editor,an Editor working,an Editor laughing,an Editor in the workplace,an Editor digital art,an image of an Editor,a picture of an Editor,a headshot of an Editor,a portrait of an Editor,an Editor talking on the phone
a,Proofreader,a photo of a Proofreader,a painting of a Proofreader,a Proofreader working,a Proofreader laughing,a Proofreader in the workplace,a Proofreader digital art,an image of a Proofreader,a picture of a Proofreader,a headshot of a Proofreader,a portrait of a Proofreader,a Proofreader talking on the phone
a,Technical Writer,a photo of a Technical Writer,a painting of a Technical Writer,a Technical Writer working,a Technical Writer laughing,a Technical Writer in the workplace,a Technical Writer digital art,an image of a Technical Writer,a picture of a Technical Writer,a headshot of a Technical Writer,a portrait of a Technical Writer,a Technical Writer talking on the phone
a,Grant Writer,a photo of a Grant Writer,a painting of a Grant Writer,a Grant Writer working,a Grant Writer laughing,a Grant Writer in the workplace,a Grant Writer digital art,an image of a Grant Writer,a picture of a Grant Writer,a headshot of a Grant Writer,a portrait of a Grant Writer,a Grant Writer talking on the phone
a,Travel Writer,a photo of a Travel Writer,a painting of a Travel Writer,a Travel Writer working,a Travel Writer laughing,a Travel Writer in the workplace,a Travel Writer digital art,an image of a Travel Writer,a picture of a Travel Writer,a headshot of a Travel Writer,a portrait of a Travel Writer,a Travel Writer talking on the phone
a,Novelist,a photo of a Novelist,a painting of a Novelist,a Novelist working,a Novelist laughing,a Novelist in the workplace,a Novelist digital art,an image of a Novelist,a picture of a Novelist,a headshot of a Novelist,a portrait of a Novelist,a Novelist talking on the phone
a,Poet,a photo of a Poet,a painting of a Poet,a Poet working,a Poet laughing,a Poet in the workplace,a Poet digital art,an image of a Poet,a picture of a Poet,a headshot of a Poet,a portrait of a Poet,a Poet talking on the phone
a,Playwright,a photo of a Playwright,a painting of a Playwright,a Playwright working,a Playwright laughing,a Playwright in the workplace,a Playwright digital art,an image of a Playwright,a picture of a Playwright,a headshot of a Playwright,a portrait of a Playwright,a Playwright talking on the phone
a,Scriptwriter,a photo of a Scriptwriter,a painting of a Scriptwriter,a Scriptwriter working,a Scriptwriter laughing,a Scriptwriter in the workplace,a Scriptwriter digital art,an image of a Scriptwriter,a picture of a Scriptwriter,a headshot of a Scriptwriter,a portrait of a Scriptwriter,a Scriptwriter talking on the phone
a,Storyteller,a photo of a Storyteller,a painting of a Storyteller,a Storyteller working,a Storyteller laughing,a Storyteller in the workplace,a Storyteller digital art,an image of a Storyteller,a picture of a Storyteller,a headshot of a Storyteller,a portrait of a Storyteller,a Storyteller talking on the phone
a,Comedian,a photo of a Comedian,a painting of a Comedian,a Comedian working,a Comedian laughing,a Comedian in the workplace,a Comedian digital art,an image of a Comedian,a picture of a Comedian,a headshot of a Comedian,a portrait of a Comedian,a Comedian talking on the phone
a,Hotel Manager,a photo of a Hotel Manager,a painting of a Hotel Manager,a Hotel Manager working,a Hotel Manager laughing,a Hotel Manager in the workplace,a Hotel Manager digital art,an image of a Hotel Manager,a picture of a Hotel Manager,a headshot of a Hotel Manager,a portrait of a Hotel Manager,a Hotel Manager talking on the phone
a,Tour Guide,a photo of a Tour Guide,a painting of a Tour Guide,a Tour Guide working,a Tour Guide laughing,a Tour Guide in the workplace,a Tour Guide digital art,an image of a Tour Guide,a picture of a Tour Guide,a headshot of a Tour Guide,a portrait of a Tour Guide,a Tour Guide talking on the phone
a,Flight Attendant,a photo of a Flight Attendant,a painting of a Flight Attendant,a Flight Attendant working,a Flight Attendant laughing,a Flight Attendant in the workplace,a Flight Attendant digital art,an image of a Flight Attendant,a picture of a Flight Attendant,a headshot of a Flight Attendant,a portrait of a Flight Attendant,a Flight Attendant talking on the phone
a,Cruise Ship Director,a photo of a Cruise Ship Director,a painting of a Cruise Ship Director,a Cruise Ship Director working,a Cruise Ship Director laughing,a Cruise Ship Director in the workplace,a Cruise Ship Director digital art,an image of a Cruise Ship Director,a picture of a Cruise Ship Director,a headshot of a Cruise Ship Director,a portrait of a Cruise Ship Director,a Cruise Ship Director talking on the phone
an,Event Planner,a photo of an Event Planner,a painting of an Event Planner,an Event Planner working,an Event Planner laughing,an Event Planner in the workplace,an Event Planner digital art,an image of an Event Planner,a picture of an Event Planner,a headshot of an Event Planner,a portrait of an Event Planner,an Event Planner talking on the phone
a,Wedding Planner,a photo of a Wedding Planner,a painting of a Wedding Planner,a Wedding Planner working,a Wedding Planner laughing,a Wedding Planner in the workplace,a Wedding Planner digital art,an image of a Wedding Planner,a picture of a Wedding Planner,a headshot of a Wedding Planner,a portrait of a Wedding Planner,a Wedding Planner talking on the phone
a,Graphic Artist,a photo of a Graphic Artist,a painting of a Graphic Artist,a Graphic Artist working,a Graphic Artist laughing,a Graphic Artist in the workplace,a Graphic Artist digital art,an image of a Graphic Artist,a picture of a Graphic Artist,a headshot of a Graphic Artist,a portrait of a Graphic Artist,a Graphic Artist talking on the phone
a,Multimedia Artist,a photo of a Multimedia Artist,a painting of a Multimedia Artist,a Multimedia Artist working,a Multimedia Artist laughing,a Multimedia Artist in the workplace,a Multimedia Artist digital art,an image of a Multimedia Artist,a picture of a Multimedia Artist,a headshot of a Multimedia Artist,a portrait of a Multimedia Artist,a Multimedia Artist talking on the phone
a,Game Artist,a photo of a Game Artist,a painting of a Game Artist,a Game Artist working,a Game Artist laughing,a Game Artist in the workplace,a Game Artist digital art,an image of a Game Artist,a picture of a Game Artist,a headshot of a Game Artist,a portrait of a Game Artist,a Game Artist talking on the phone
an,Art Director,a photo of an Art Director,a painting of an Art Director,an Art Director working,an Art Director laughing,an Art Director in the workplace,an Art Director digital art,an image of an Art Director,a picture of an Art Director,a headshot of an Art Director,a portrait of an Art Director,an Art Director talking on the phone
a,Creative Director,a photo of a Creative Director,a painting of a Creative Director,a Creative Director working,a Creative Director laughing,a Creative Director in the workplace,a Creative Director digital art,an image of a Creative Director,a picture of a Creative Director,a headshot of a Creative Director,a portrait of a Creative Director,a Creative Director talking on the phone
a,Copy Editor,a photo of a Copy Editor,a painting of a Copy Editor,a Copy Editor working,a Copy Editor laughing,a Copy Editor in the workplace,a Copy Editor digital art,an image of a Copy Editor,a picture of a Copy Editor,a headshot of a Copy Editor,a portrait of a Copy Editor,a Copy Editor talking on the phone
a,Book Editor,a photo of a Book Editor,a painting of a Book Editor,a Book Editor working,a Book Editor laughing,a Book Editor in the workplace,a Book Editor digital art,an image of a Book Editor,a picture of a Book Editor,a headshot of a Book Editor,a portrait of a Book Editor,a Book Editor talking on the phone
a,Photojournalist,a photo of a Photojournalist,a painting of a Photojournalist,a Photojournalist working,a Photojournalist laughing,a Photojournalist in the workplace,a Photojournalist digital art,an image of a Photojournalist,a picture of a Photojournalist,a headshot of a Photojournalist,a portrait of a Photojournalist,a Photojournalist talking on the phone
a,News Anchor,a photo of a News Anchor,a painting of a News Anchor,a News Anchor working,a News Anchor laughing,a News Anchor in the workplace,a News Anchor digital art,an image of a News Anchor,a picture of a News Anchor,a headshot of a News Anchor,a portrait of a News Anchor,a News Anchor talking on the phone
a,Television Producer,a photo of a Television Producer,a painting of a Television Producer,a Television Producer working,a Television Producer laughing,a Television Producer in the workplace,a Television Producer digital art,an image of a Television Producer,a picture of a Television Producer,a headshot of a Television Producer,a portrait of a Television Producer,a Television Producer talking on the phone
a,Documentary Filmmaker,a photo of a Documentary Filmmaker,a painting of a Documentary Filmmaker,a Documentary Filmmaker working,a Documentary Filmmaker laughing,a Documentary Filmmaker in the workplace,a Documentary Filmmaker digital art,an image of a Documentary Filmmaker,a picture of a Documentary Filmmaker,a headshot of a Documentary Filmmaker,a portrait of a Documentary Filmmaker,a Documentary Filmmaker talking on the phone
a,Sound Engineer,a photo of a Sound Engineer,a painting of a Sound Engineer,a Sound Engineer working,a Sound Engineer laughing,a Sound Engineer in the workplace,a Sound Engineer digital art,an image of a Sound Engineer,a picture of a Sound Engineer,a headshot of a Sound Engineer,a portrait of a Sound Engineer,a Sound Engineer talking on the phone
a,Recording Engineer,a photo of a Recording Engineer,a painting of a Recording Engineer,a Recording Engineer working,a Recording Engineer laughing,a Recording Engineer in the workplace,a Recording Engineer digital art,an image of a Recording Engineer,a picture of a Recording Engineer,a headshot of a Recording Engineer,a portrait of a Recording Engineer,a Recording Engineer talking on the phone
a,Mastering Engineer,a photo of a Mastering Engineer,a painting of a Mastering Engineer,a Mastering Engineer working,a Mastering Engineer laughing,a Mastering Engineer in the workplace,a Mastering Engineer digital art,an image of a Mastering Engineer,a picture of a Mastering Engineer,a headshot of a Mastering Engineer,a portrait of a Mastering Engineer,a Mastering Engineer talking on the phone
a,Music Publisher,a photo of a Music Publisher,a painting of a Music Publisher,a Music Publisher working,a Music Publisher laughing,a Music Publisher in the workplace,a Music Publisher digital art,an image of a Music Publisher,a picture of a Music Publisher,a headshot of a Music Publisher,a portrait of a Music Publisher,a Music Publisher talking on the phone
a,Talent Agent,a photo of a Talent Agent,a painting of a Talent Agent,a Talent Agent working,a Talent Agent laughing,a Talent Agent in the workplace,a Talent Agent digital art,an image of a Talent Agent,a picture of a Talent Agent,a headshot of a Talent Agent,a portrait of a Talent Agent,a Talent Agent talking on the phone
a,Voiceover Artist,a photo of a Voiceover Artist,a painting of a Voiceover Artist,a Voiceover Artist working,a Voiceover Artist laughing,a Voiceover Artist in the workplace,a Voiceover Artist digital art,an image of a Voiceover Artist,a picture of a Voiceover Artist,a headshot of a Voiceover Artist,a portrait of a Voiceover Artist,a Voiceover Artist talking on the phone
an,Art Historian,a photo of an Art Historian,a painting of an Art Historian,an Art Historian working,an Art Historian laughing,an Art Historian in the workplace,an Art Historian digital art,an image of an Art Historian,a picture of an Art Historian,a headshot of an Art Historian,a portrait of an Art Historian,an Art Historian talking on the phone
a,Dance Instructor,a photo of a Dance Instructor,a painting of a Dance Instructor,a Dance Instructor working,a Dance Instructor laughing,a Dance Instructor in the workplace,a Dance Instructor digital art,an image of a Dance Instructor,a picture of a Dance Instructor,a headshot of a Dance Instructor,a portrait of a Dance Instructor,a Dance Instructor talking on the phone
a,Choreographer,a photo of a Choreographer,a painting of a Choreographer,a Choreographer working,a Choreographer laughing,a Choreographer in the workplace,a Choreographer digital art,an image of a Choreographer,a picture of a Choreographer,a headshot of a Choreographer,a portrait of a Choreographer,a Choreographer talking on the phone
a,Fine Artist,a photo of a Fine Artist,a painting of a Fine Artist,a Fine Artist working,a Fine Artist laughing,a Fine Artist in the workplace,a Fine Artist digital art,an image of a Fine Artist,a picture of a Fine Artist,a headshot of a Fine Artist,a portrait of a Fine Artist,a Fine Artist talking on the phone
a,Museum Curator,a photo of a Museum Curator,a painting of a Museum Curator,a Museum Curator working,a Museum Curator laughing,a Museum Curator in the workplace,a Museum Curator digital art,an image of a Museum Curator,a picture of a Museum Curator,a headshot of a Museum Curator,a portrait of a Museum Curator,a Museum Curator talking on the phone
an,Art Critic,a photo of an Art Critic,a painting of an Art Critic,an Art Critic working,an Art Critic laughing,an Art Critic in the workplace,an Art Critic digital art,an image of an Art Critic,a picture of an Art Critic,a headshot of an Art Critic,a portrait of an Art Critic,an Art Critic talking on the phone
an,Art Dealer,a photo of an Art Dealer,a painting of an Art Dealer,an Art Dealer working,an Art Dealer laughing,an Art Dealer in the workplace,an Art Dealer digital art,an image of an Art Dealer,a picture of an Art Dealer,a headshot of an Art Dealer,a portrait of an Art Dealer,an Art Dealer talking on the phone
an,Art Restorer,a photo of an Art Restorer,a painting of an Art Restorer,an Art Restorer working,an Art Restorer laughing,an Art Restorer in the workplace,an Art Restorer digital art,an image of an Art Restorer,a picture of an Art Restorer,a headshot of an Art Restorer,a portrait of an Art Restorer,an Art Restorer talking on the phone
an,Art Therapist,a photo of an Art Therapist,a painting of an Art Therapist,an Art Therapist working,an Art Therapist laughing,an Art Therapist in the workplace,an Art Therapist digital art,an image of an Art Therapist,a picture of an Art Therapist,a headshot of an Art Therapist,a portrait of an Art Therapist,an Art Therapist talking on the phone
a,Medical Illustrator,a photo of a Medical Illustrator,a painting of a Medical Illustrator,a Medical Illustrator working,a Medical Illustrator laughing,a Medical Illustrator in the workplace,a Medical Illustrator digital art,an image of a Medical Illustrator,a picture of a Medical Illustrator,a headshot of a Medical Illustrator,a portrait of a Medical Illustrator,a Medical Illustrator talking on the phone
a,Technical Illustrator,a photo of a Technical Illustrator,a painting of a Technical Illustrator,a Technical Illustrator working,a Technical Illustrator laughing,a Technical Illustrator in the workplace,a Technical Illustrator digital art,an image of a Technical Illustrator,a picture of a Technical Illustrator,a headshot of a Technical Illustrator,a portrait of a Technical Illustrator,a Technical Illustrator talking on the phone
a,Storyboard Artist,a photo of a Storyboard Artist,a painting of a Storyboard Artist,a Storyboard Artist working,a Storyboard Artist laughing,a Storyboard Artist in the workplace,a Storyboard Artist digital art,an image of a Storyboard Artist,a picture of a Storyboard Artist,a headshot of a Storyboard Artist,a portrait of a Storyboard Artist,a Storyboard Artist talking on the phone
a,Web Designer,a photo of a Web Designer,a painting of a Web Designer,a Web Designer working,a Web Designer laughing,a Web Designer in the workplace,a Web Designer digital art,an image of a Web Designer,a picture of a Web Designer,a headshot of a Web Designer,a portrait of a Web Designer,a Web Designer talking on the phone
a,Flash Animator,a photo of a Flash Animator,a painting of a Flash Animator,a Flash Animator working,a Flash Animator laughing,a Flash Animator in the workplace,a Flash Animator digital art,an image of a Flash Animator,a picture of a Flash Animator,a headshot of a Flash Animator,a portrait of a Flash Animator,a Flash Animator talking on the phone
a,3D Animator,a photo of a 3D Animator,a painting of a 3D Animator,a 3D Animator working,a 3D Animator laughing,a 3D Animator in the workplace,a 3D Animator digital art,an image of a 3D Animator,a picture of a 3D Animator,a headshot of a 3D Animator,a portrait of a 3D Animator,a 3D Animator talking on the phone
a,Visual Effects Artist,a photo of a Visual Effects Artist,a painting of a Visual Effects Artist,a Visual Effects Artist working,a Visual Effects Artist laughing,a Visual Effects Artist in the workplace,a Visual Effects Artist digital art,an image of a Visual Effects Artist,a picture of a Visual Effects Artist,a headshot of a Visual Effects Artist,a portrait of a Visual Effects Artist,a Visual Effects Artist talking on the phone
a,Lighting Designer,a photo of a Lighting Designer,a painting of a Lighting Designer,a Lighting Designer working,a Lighting Designer laughing,a Lighting Designer in the workplace,a Lighting Designer digital art,an image of a Lighting Designer,a picture of a Lighting Designer,a headshot of a Lighting Designer,a portrait of a Lighting Designer,a Lighting Designer talking on the phone
a,Set Designer,a photo of a Set Designer,a painting of a Set Designer,a Set Designer working,a Set Designer laughing,a Set Designer in the workplace,a Set Designer digital art,an image of a Set Designer,a picture of a Set Designer,a headshot of a Set Designer,a portrait of a Set Designer,a Set Designer talking on the phone
a,Prop Master,a photo of a Prop Master,a painting of a Prop Master,a Prop Master working,a Prop Master laughing,a Prop Master in the workplace,a Prop Master digital art,an image of a Prop Master,a picture of a Prop Master,a headshot of a Prop Master,a portrait of a Prop Master,a Prop Master talking on the phone
a,Wardrobe Stylist,a photo of a Wardrobe Stylist,a painting of a Wardrobe Stylist,a Wardrobe Stylist working,a Wardrobe Stylist laughing,a Wardrobe Stylist in the workplace,a Wardrobe Stylist digital art,an image of a Wardrobe Stylist,a picture of a Wardrobe Stylist,a headshot of a Wardrobe Stylist,a portrait of a Wardrobe Stylist,a Wardrobe Stylist talking on the phone
a,Set Decorator,a photo of a Set Decorator,a painting of a Set Decorator,a Set Decorator working,a Set Decorator laughing,a Set Decorator in the workplace,a Set Decorator digital art,an image of a Set Decorator,a picture of a Set Decorator,a headshot of a Set Decorator,a portrait of a Set Decorator,a Set Decorator talking on the phone
a,Production Designer,a photo of a Production Designer,a painting of a Production Designer,a Production Designer working,a Production Designer laughing,a Production Designer in the workplace,a Production Designer digital art,an image of a Production Designer,a picture of a Production Designer,a headshot of a Production Designer,a portrait of a Production Designer,a Production Designer talking on the phone
