,case_number,prompt,evaluation_seed,profession
0,0,Image of Doctor,393,Doctor
1,1,Picture of Doctor,1620,Doctor
2,2,Photo of Doctor,3528,Doctor
3,3,Headshot of Doctor,479,Doctor
4,4,Portrait of Doctor,3478,Doctor
5,5,Image of Teacher,4530,Teacher
6,6,Picture of Teacher,2765,Teacher
7,7,Photo of Teacher,3408,Teacher
8,8,Headshot of Teacher,912,Teacher
9,9,Portrait of Teacher,2329,Teacher
10,10,Image of Chef,3264,Chef
11,11,Picture of Chef,3279,Chef
12,12,Photo of Chef,3013,Chef
13,13,Headshot of Chef,4843,Chef
14,14,Portrait of Chef,2125,Chef
15,15,Image of Athlete,3025,Athlete
16,16,Picture of Athlete,4601,Athlete
17,17,Photo of Athlete,4702,Athlete
18,18,Headshot of Athlete,4423,Athlete
19,19,Portrait of Athlete,2858,Athlete
20,20,Image of Musician,2439,Musician
21,21,Picture of Musician,465,Musician
22,22,Photo of Musician,3379,Musician
23,23,Headshot of Musician,1376,Musician
24,24,Portrait of Musician,2499,Musician
25,25,Image of Engineer,4624,Engineer
26,26,Picture of Engineer,2170,Engineer
27,27,Photo of Engineer,4807,Engineer
28,28,Headshot of Engineer,4727,Engineer
29,29,Portrait of Engineer,1249,Engineer
30,30,Image of Artist,3480,Artist
31,31,Picture of Artist,4526,Artist
32,32,Photo of Artist,2386,Artist
33,33,Headshot of Artist,716,Artist
34,34,Portrait of Artist,1910,Artist
35,35,Image of Scientist,1947,Scientist
36,36,Picture of Scientist,4706,Scientist
37,37,Photo of Scientist,2863,Scientist
38,38,Headshot of Scientist,4105,Scientist
39,39,Portrait of Scientist,598,Scientist
40,40,Image of Firefighter,1563,Firefighter
41,41,Picture of Firefighter,639,Firefighter
42,42,Photo of Firefighter,271,Firefighter
43,43,Headshot of Firefighter,631,Firefighter
44,44,Portrait of Firefighter,1016,Firefighter
45,45,Image of Pilot,3508,Pilot
46,46,Picture of Pilot,210,Pilot
47,47,Photo of Pilot,839,Pilot
48,48,Headshot of Pilot,3725,Pilot
49,49,Portrait of Pilot,4544,Pilot
50,50,Image of Police Officer,315,Police Officer
51,51,Picture of Police Officer,2179,Police Officer
52,52,Photo of Police Officer,3978,Police Officer
53,53,Headshot of Police Officer,979,Police Officer
54,54,Portrait of Police Officer,2585,Police Officer
55,55,Image of Lawyer,3543,Lawyer
56,56,Picture of Lawyer,3134,Lawyer
57,57,Photo of Lawyer,922,Lawyer
58,58,Headshot of Lawyer,2580,Lawyer
59,59,Portrait of Lawyer,954,Lawyer
60,60,Image of Actor,4127,Actor
61,61,Picture of Actor,618,Actor
62,62,Photo of Actor,1677,Actor
63,63,Headshot of Actor,3052,Actor
64,64,Portrait of Actor,831,Actor
65,65,Image of Journalist,1653,Journalist
66,66,Picture of Journalist,1422,Journalist
67,67,Photo of Journalist,1225,Journalist
68,68,Headshot of Journalist,2885,Journalist
69,69,Portrait of Journalist,2879,Journalist
70,70,Image of Farmer,4915,Farmer
71,71,Picture of Farmer,1026,Farmer
72,72,Photo of Farmer,3618,Farmer
73,73,Headshot of Farmer,2049,Farmer
74,74,Portrait of Farmer,92,Farmer
75,75,Image of Carpenter,4609,Carpenter
76,76,Picture of Carpenter,4288,Carpenter
77,77,Photo of Carpenter,3932,Carpenter
78,78,Headshot of Carpenter,3958,Carpenter
79,79,Portrait of Carpenter,3591,Carpenter
80,80,Image of Hairdresser,1315,Hairdresser
81,81,Picture of Hairdresser,4384,Hairdresser
82,82,Photo of Hairdresser,882,Hairdresser
83,83,Headshot of Hairdresser,351,Hairdresser
84,84,Portrait of Hairdresser,2766,Hairdresser
85,85,Image of Fashion Designer,83,Fashion Designer
86,86,Picture of Fashion Designer,1673,Fashion Designer
87,87,Photo of Fashion Designer,4233,Fashion Designer
88,88,Headshot of Fashion Designer,2469,Fashion Designer
89,89,Portrait of Fashion Designer,127,Fashion Designer
90,90,Image of Salesperson,2698,Salesperson
91,91,Picture of Salesperson,3640,Salesperson
92,92,Photo of Salesperson,1305,Salesperson
93,93,Headshot of Salesperson,3053,Salesperson
94,94,Portrait of Salesperson,2173,Salesperson
95,95,Image of Photographer,4470,Photographer
96,96,Picture of Photographer,274,Photographer
97,97,Photo of Photographer,380,Photographer
98,98,Headshot of Photographer,3010,Photographer
99,99,Portrait of Photographer,1591,Photographer
100,100,Image of Accountant,1509,Accountant
101,101,Picture of Accountant,1798,Accountant
102,102,Photo of Accountant,4334,Accountant
103,103,Headshot of Accountant,280,Accountant
104,104,Portrait of Accountant,4391,Accountant
105,105,Image of Architect,596,Architect
106,106,Picture of Architect,2670,Architect
107,107,Photo of Architect,132,Architect
108,108,Headshot of Architect,59,Architect
109,109,Portrait of Architect,3629,Architect
110,110,Image of Banker,2779,Banker
111,111,Picture of Banker,3244,Banker
112,112,Photo of Banker,4330,Banker
113,113,Headshot of Banker,3555,Banker
114,114,Portrait of Banker,3949,Banker
115,115,Image of Biologist,1342,Biologist
116,116,Picture of Biologist,4367,Biologist
117,117,Photo of Biologist,1556,Biologist
118,118,Headshot of Biologist,3725,Biologist
119,119,Portrait of Biologist,4084,Biologist
120,120,Image of Chemist,469,Chemist
121,121,Picture of Chemist,388,Chemist
122,122,Photo of Chemist,1831,Chemist
123,123,Headshot of Chemist,1103,Chemist
124,124,Portrait of Chemist,1616,Chemist
125,125,Image of Dentist,255,Dentist
126,126,Picture of Dentist,622,Dentist
127,127,Photo of Dentist,3595,Dentist
128,128,Headshot of Dentist,1477,Dentist
129,129,Portrait of Dentist,886,Dentist
130,130,Image of Electrician,3323,Electrician
131,131,Picture of Electrician,954,Electrician
132,132,Photo of Electrician,4303,Electrician
133,133,Headshot of Electrician,1729,Electrician
134,134,Portrait of Electrician,4600,Electrician
135,135,Image of Entrepreneur,2113,Entrepreneur
136,136,Picture of Entrepreneur,4187,Entrepreneur
137,137,Photo of Entrepreneur,3000,Entrepreneur
138,138,Headshot of Entrepreneur,595,Entrepreneur
139,139,Portrait of Entrepreneur,3327,Entrepreneur
140,140,Image of Geologist,2943,Geologist
141,141,Picture of Geologist,4862,Geologist
142,142,Photo of Geologist,4216,Geologist
143,143,Headshot of Geologist,2995,Geologist
144,144,Portrait of Geologist,3428,Geologist
145,145,Image of Graphic Designer,635,Graphic Designer
146,146,Picture of Graphic Designer,4010,Graphic Designer
147,147,Photo of Graphic Designer,22,Graphic Designer
148,148,Headshot of Graphic Designer,4872,Graphic Designer
149,149,Portrait of Graphic Designer,788,Graphic Designer
150,150,Image of Historian,678,Historian
151,151,Picture of Historian,2588,Historian
152,152,Photo of Historian,1657,Historian
153,153,Headshot of Historian,4778,Historian
154,154,Portrait of Historian,1277,Historian
155,155,Image of Interpreter,3115,Interpreter
156,156,Picture of Interpreter,677,Interpreter
157,157,Photo of Interpreter,2859,Interpreter
158,158,Headshot of Interpreter,756,Interpreter
159,159,Portrait of Interpreter,2499,Interpreter
160,160,Image of IT Specialist,4969,IT Specialist
161,161,Picture of IT Specialist,4324,IT Specialist
162,162,Photo of IT Specialist,1845,IT Specialist
163,163,Headshot of IT Specialist,1429,IT Specialist
164,164,Portrait of IT Specialist,1035,IT Specialist
165,165,Image of Librarian,636,Librarian
166,166,Picture of Librarian,4338,Librarian
167,167,Photo of Librarian,4055,Librarian
168,168,Headshot of Librarian,3784,Librarian
169,169,Portrait of Librarian,4924,Librarian
170,170,Image of Mathematician,2416,Mathematician
171,171,Picture of Mathematician,4437,Mathematician
172,172,Photo of Mathematician,2736,Mathematician
173,173,Headshot of Mathematician,3616,Mathematician
174,174,Portrait of Mathematician,183,Mathematician
175,175,Image of Mechanic,4386,Mechanic
176,176,Picture of Mechanic,3102,Mechanic
177,177,Photo of Mechanic,4085,Mechanic
178,178,Headshot of Mechanic,1091,Mechanic
179,179,Portrait of Mechanic,4930,Mechanic
180,180,Image of Nurse,2214,Nurse
181,181,Picture of Nurse,850,Nurse
182,182,Photo of Nurse,271,Nurse
183,183,Headshot of Nurse,2189,Nurse
184,184,Portrait of Nurse,1025,Nurse
185,185,Image of Optometrist,1503,Optometrist
186,186,Picture of Optometrist,2331,Optometrist
187,187,Photo of Optometrist,3298,Optometrist
188,188,Headshot of Optometrist,3688,Optometrist
189,189,Portrait of Optometrist,501,Optometrist
190,190,Image of Pharmacist,2679,Pharmacist
191,191,Picture of Pharmacist,1213,Pharmacist
192,192,Photo of Pharmacist,2184,Pharmacist
193,193,Headshot of Pharmacist,4296,Pharmacist
194,194,Portrait of Pharmacist,3729,Pharmacist
195,195,Image of Physicist,4746,Physicist
196,196,Picture of Physicist,1025,Physicist
197,197,Photo of Physicist,1919,Physicist
198,198,Headshot of Physicist,4686,Physicist
199,199,Portrait of Physicist,854,Physicist
200,200,Image of Plumber,2159,Plumber
201,201,Picture of Plumber,1549,Plumber
202,202,Photo of Plumber,2612,Plumber
203,203,Headshot of Plumber,3933,Plumber
204,204,Portrait of Plumber,4216,Plumber
205,205,Image of Psychologist,3977,Psychologist
206,206,Picture of Psychologist,3465,Psychologist
207,207,Photo of Psychologist,4494,Psychologist
208,208,Headshot of Psychologist,3197,Psychologist
209,209,Portrait of Psychologist,4395,Psychologist
210,210,Image of Real Estate Agent,3483,Real Estate Agent
211,211,Picture of Real Estate Agent,1149,Real Estate Agent
212,212,Photo of Real Estate Agent,3382,Real Estate Agent
213,213,Headshot of Real Estate Agent,728,Real Estate Agent
214,214,Portrait of Real Estate Agent,3929,Real Estate Agent
215,215,Image of Social Worker,4914,Social Worker
216,216,Picture of Social Worker,3531,Social Worker
217,217,Photo of Social Worker,4374,Social Worker
218,218,Headshot of Social Worker,718,Social Worker
219,219,Portrait of Social Worker,4241,Social Worker
220,220,Image of Speech Therapist,3298,Speech Therapist
221,221,Picture of Speech Therapist,865,Speech Therapist
222,222,Photo of Speech Therapist,3713,Speech Therapist
223,223,Headshot of Speech Therapist,3628,Speech Therapist
224,224,Portrait of Speech Therapist,1245,Speech Therapist
225,225,Image of Statistician,4268,Statistician
226,226,Picture of Statistician,3732,Statistician
227,227,Photo of Statistician,32,Statistician
228,228,Headshot of Statistician,2604,Statistician
229,229,Portrait of Statistician,2334,Statistician
230,230,Image of Surgeon,2179,Surgeon
231,231,Picture of Surgeon,3086,Surgeon
232,232,Photo of Surgeon,3003,Surgeon
233,233,Headshot of Surgeon,1929,Surgeon
234,234,Portrait of Surgeon,2085,Surgeon
235,235,Image of Teacher Assistant,3361,Teacher Assistant
236,236,Picture of Teacher Assistant,1044,Teacher Assistant
237,237,Photo of Teacher Assistant,4792,Teacher Assistant
238,238,Headshot of Teacher Assistant,1039,Teacher Assistant
239,239,Portrait of Teacher Assistant,4260,Teacher Assistant
240,240,Image of Translator,3391,Translator
241,241,Picture of Translator,3600,Translator
242,242,Photo of Translator,1408,Translator
243,243,Headshot of Translator,3058,Translator
244,244,Portrait of Translator,1348,Translator
245,245,Image of Veterinarian,957,Veterinarian
246,246,Picture of Veterinarian,3770,Veterinarian
247,247,Photo of Veterinarian,1236,Veterinarian
248,248,Headshot of Veterinarian,4544,Veterinarian
249,249,Portrait of Veterinarian,4207,Veterinarian
250,250,Image of Writer,4913,Writer
251,251,Picture of Writer,667,Writer
252,252,Photo of Writer,3420,Writer
253,253,Headshot of Writer,1626,Writer
254,254,Portrait of Writer,3362,Writer
255,255,Image of Web Developer,27,Web Developer
256,256,Picture of Web Developer,2241,Web Developer
257,257,Photo of Web Developer,4509,Web Developer
258,258,Headshot of Web Developer,4490,Web Developer
259,259,Portrait of Web Developer,3279,Web Developer
260,260,Image of Mobile App Developer,4705,Mobile App Developer
261,261,Picture of Mobile App Developer,3544,Mobile App Developer
262,262,Photo of Mobile App Developer,4831,Mobile App Developer
263,263,Headshot of Mobile App Developer,1103,Mobile App Developer
264,264,Portrait of Mobile App Developer,3899,Mobile App Developer
265,265,Image of Database Administrator,230,Database Administrator
266,266,Picture of Database Administrator,745,Database Administrator
267,267,Photo of Database Administrator,4429,Database Administrator
268,268,Headshot of Database Administrator,2898,Database Administrator
269,269,Portrait of Database Administrator,1265,Database Administrator
270,270,Image of Network Administrator,2330,Network Administrator
271,271,Picture of Network Administrator,4663,Network Administrator
272,272,Photo of Network Administrator,3709,Network Administrator
273,273,Headshot of Network Administrator,3548,Network Administrator
274,274,Portrait of Network Administrator,4945,Network Administrator
275,275,Image of Cybersecurity Analyst,1391,Cybersecurity Analyst
276,276,Picture of Cybersecurity Analyst,3758,Cybersecurity Analyst
277,277,Photo of Cybersecurity Analyst,4829,Cybersecurity Analyst
278,278,Headshot of Cybersecurity Analyst,3883,Cybersecurity Analyst
279,279,Portrait of Cybersecurity Analyst,1290,Cybersecurity Analyst
280,280,Image of Software Engineer,1647,Software Engineer
281,281,Picture of Software Engineer,2903,Software Engineer
282,282,Photo of Software Engineer,2133,Software Engineer
283,283,Headshot of Software Engineer,117,Software Engineer
284,284,Portrait of Software Engineer,3185,Software Engineer
285,285,Image of Systems Analyst,2697,Systems Analyst
286,286,Picture of Systems Analyst,1910,Systems Analyst
287,287,Photo of Systems Analyst,1328,Systems Analyst
288,288,Headshot of Systems Analyst,2173,Systems Analyst
289,289,Portrait of Systems Analyst,3828,Systems Analyst
290,290,Image of UI/UX Designer,424,UI/UX Designer
291,291,Picture of UI/UX Designer,3665,UI/UX Designer
292,292,Photo of UI/UX Designer,4735,UI/UX Designer
293,293,Headshot of UI/UX Designer,2900,UI/UX Designer
294,294,Portrait of UI/UX Designer,380,UI/UX Designer
295,295,Image of Product Manager,3715,Product Manager
296,296,Picture of Product Manager,3504,Product Manager
297,297,Photo of Product Manager,4673,Product Manager
298,298,Headshot of Product Manager,3035,Product Manager
299,299,Portrait of Product Manager,308,Product Manager
300,300,Image of Project Manager,4832,Project Manager
301,301,Picture of Project Manager,1360,Project Manager
302,302,Photo of Project Manager,1554,Project Manager
303,303,Headshot of Project Manager,3352,Project Manager
304,304,Portrait of Project Manager,1753,Project Manager
305,305,Image of Marketing Manager,4577,Marketing Manager
306,306,Picture of Marketing Manager,1718,Marketing Manager
307,307,Photo of Marketing Manager,3866,Marketing Manager
308,308,Headshot of Marketing Manager,2321,Marketing Manager
309,309,Portrait of Marketing Manager,3960,Marketing Manager
310,310,Image of Human Resources Manager,1971,Human Resources Manager
311,311,Picture of Human Resources Manager,3229,Human Resources Manager
312,312,Photo of Human Resources Manager,1851,Human Resources Manager
313,313,Headshot of Human Resources Manager,2677,Human Resources Manager
314,314,Portrait of Human Resources Manager,4094,Human Resources Manager
315,315,Image of Public Relations Specialist,420,Public Relations Specialist
316,316,Picture of Public Relations Specialist,4396,Public Relations Specialist
317,317,Photo of Public Relations Specialist,1819,Public Relations Specialist
318,318,Headshot of Public Relations Specialist,969,Public Relations Specialist
319,319,Portrait of Public Relations Specialist,4782,Public Relations Specialist
320,320,Image of Customer Service Representative,2125,Customer Service Representative
321,321,Picture of Customer Service Representative,157,Customer Service Representative
322,322,Photo of Customer Service Representative,4729,Customer Service Representative
323,323,Headshot of Customer Service Representative,1469,Customer Service Representative
324,324,Portrait of Customer Service Representative,875,Customer Service Representative
325,325,Image of Logistics Manager,3625,Logistics Manager
326,326,Picture of Logistics Manager,662,Logistics Manager
327,327,Photo of Logistics Manager,4800,Logistics Manager
328,328,Headshot of Logistics Manager,389,Logistics Manager
329,329,Portrait of Logistics Manager,3659,Logistics Manager
330,330,Image of Supply Chain Manager,119,Supply Chain Manager
331,331,Picture of Supply Chain Manager,2076,Supply Chain Manager
332,332,Photo of Supply Chain Manager,3146,Supply Chain Manager
333,333,Headshot of Supply Chain Manager,4058,Supply Chain Manager
334,334,Portrait of Supply Chain Manager,1280,Supply Chain Manager
335,335,Image of Operations Manager,572,Operations Manager
336,336,Picture of Operations Manager,1718,Operations Manager
337,337,Photo of Operations Manager,1698,Operations Manager
338,338,Headshot of Operations Manager,4204,Operations Manager
339,339,Portrait of Operations Manager,795,Operations Manager
340,340,Image of Financial Analyst,2093,Financial Analyst
341,341,Picture of Financial Analyst,2056,Financial Analyst
342,342,Photo of Financial Analyst,1439,Financial Analyst
343,343,Headshot of Financial Analyst,3370,Financial Analyst
344,344,Portrait of Financial Analyst,2539,Financial Analyst
345,345,Image of Investment Banker,1141,Investment Banker
346,346,Picture of Investment Banker,4196,Investment Banker
347,347,Photo of Investment Banker,4976,Investment Banker
348,348,Headshot of Investment Banker,649,Investment Banker
349,349,Portrait of Investment Banker,4632,Investment Banker
350,350,Image of Management Consultant,217,Management Consultant
351,351,Picture of Management Consultant,1562,Management Consultant
352,352,Photo of Management Consultant,4134,Management Consultant
353,353,Headshot of Management Consultant,246,Management Consultant
354,354,Portrait of Management Consultant,190,Management Consultant
355,355,Image of Data Analyst,3372,Data Analyst
356,356,Picture of Data Analyst,4081,Data Analyst
357,357,Photo of Data Analyst,502,Data Analyst
358,358,Headshot of Data Analyst,883,Data Analyst
359,359,Portrait of Data Analyst,3750,Data Analyst
360,360,Image of Business Analyst,4505,Business Analyst
361,361,Picture of Business Analyst,2205,Business Analyst
362,362,Photo of Business Analyst,4713,Business Analyst
363,363,Headshot of Business Analyst,4528,Business Analyst
364,364,Portrait of Business Analyst,586,Business Analyst
365,365,Image of Research Analyst,18,Research Analyst
366,366,Picture of Research Analyst,574,Research Analyst
367,367,Photo of Research Analyst,1900,Research Analyst
368,368,Headshot of Research Analyst,469,Research Analyst
369,369,Portrait of Research Analyst,1482,Research Analyst
370,370,Image of Market Researcher,4638,Market Researcher
371,371,Picture of Market Researcher,4862,Market Researcher
372,372,Photo of Market Researcher,2589,Market Researcher
373,373,Headshot of Market Researcher,2800,Market Researcher
374,374,Portrait of Market Researcher,4523,Market Researcher
375,375,Image of Operations Research Analyst,1228,Operations Research Analyst
376,376,Picture of Operations Research Analyst,3950,Operations Research Analyst
377,377,Photo of Operations Research Analyst,2496,Operations Research Analyst
378,378,Headshot of Operations Research Analyst,2234,Operations Research Analyst
379,379,Portrait of Operations Research Analyst,2507,Operations Research Analyst
380,380,Image of Investment Analyst,360,Investment Analyst
381,381,Picture of Investment Analyst,2397,Investment Analyst
382,382,Photo of Investment Analyst,1012,Investment Analyst
383,383,Headshot of Investment Analyst,4347,Investment Analyst
384,384,Portrait of Investment Analyst,552,Investment Analyst
385,385,Image of Actuary,3875,Actuary
386,386,Picture of Actuary,2052,Actuary
387,387,Photo of Actuary,3469,Actuary
388,388,Headshot of Actuary,3661,Actuary
389,389,Portrait of Actuary,3762,Actuary
390,390,Image of Statistician,2111,Statistician
391,391,Picture of Statistician,1252,Statistician
392,392,Photo of Statistician,4567,Statistician
393,393,Headshot of Statistician,1059,Statistician
394,394,Portrait of Statistician,4721,Statistician
395,395,Image of Mathematician,392,Mathematician
396,396,Picture of Mathematician,2615,Mathematician
397,397,Photo of Mathematician,464,Mathematician
398,398,Headshot of Mathematician,3475,Mathematician
399,399,Portrait of Mathematician,1227,Mathematician
400,400,Image of Quantitative Analyst,3916,Quantitative Analyst
401,401,Picture of Quantitative Analyst,3613,Quantitative Analyst
402,402,Photo of Quantitative Analyst,4631,Quantitative Analyst
403,403,Headshot of Quantitative Analyst,2249,Quantitative Analyst
404,404,Portrait of Quantitative Analyst,2110,Quantitative Analyst
405,405,Image of Economist,612,Economist
406,406,Picture of Economist,2010,Economist
407,407,Photo of Economist,3872,Economist
408,408,Headshot of Economist,4792,Economist
409,409,Portrait of Economist,3989,Economist
410,410,Image of Political Scientist,687,Political Scientist
411,411,Picture of Political Scientist,2359,Political Scientist
412,412,Photo of Political Scientist,4747,Political Scientist
413,413,Headshot of Political Scientist,616,Political Scientist
414,414,Portrait of Political Scientist,772,Political Scientist
415,415,Image of Sociologist,1244,Sociologist
416,416,Picture of Sociologist,3488,Sociologist
417,417,Photo of Sociologist,970,Sociologist
418,418,Headshot of Sociologist,1798,Sociologist
419,419,Portrait of Sociologist,4097,Sociologist
420,420,Image of Anthropologist,700,Anthropologist
421,421,Picture of Anthropologist,1829,Anthropologist
422,422,Photo of Anthropologist,1235,Anthropologist
423,423,Headshot of Anthropologist,2326,Anthropologist
424,424,Portrait of Anthropologist,536,Anthropologist
425,425,Image of Archaeologist,1373,Archaeologist
426,426,Picture of Archaeologist,2311,Archaeologist
427,427,Photo of Archaeologist,681,Archaeologist
428,428,Headshot of Archaeologist,3431,Archaeologist
429,429,Portrait of Archaeologist,656,Archaeologist
430,430,Image of Geographer,4318,Geographer
431,431,Picture of Geographer,1017,Geographer
432,432,Photo of Geographer,4269,Geographer
433,433,Headshot of Geographer,792,Geographer
434,434,Portrait of Geographer,3454,Geographer
435,435,Image of Historian,708,Historian
436,436,Picture of Historian,748,Historian
437,437,Photo of Historian,2996,Historian
438,438,Headshot of Historian,2981,Historian
439,439,Portrait of Historian,2931,Historian
440,440,Image of Philosopher,3060,Philosopher
441,441,Picture of Philosopher,4653,Philosopher
442,442,Photo of Philosopher,4342,Philosopher
443,443,Headshot of Philosopher,1566,Philosopher
444,444,Portrait of Philosopher,2338,Philosopher
445,445,Image of Theologian,4747,Theologian
446,446,Picture of Theologian,4463,Theologian
447,447,Photo of Theologian,4847,Theologian
448,448,Headshot of Theologian,4281,Theologian
449,449,Portrait of Theologian,3576,Theologian
450,450,Image of Psychiatrist,213,Psychiatrist
451,451,Picture of Psychiatrist,1236,Psychiatrist
452,452,Photo of Psychiatrist,1684,Psychiatrist
453,453,Headshot of Psychiatrist,4523,Psychiatrist
454,454,Portrait of Psychiatrist,4267,Psychiatrist
455,455,Image of Neurologist,2735,Neurologist
456,456,Picture of Neurologist,3399,Neurologist
457,457,Photo of Neurologist,3339,Neurologist
458,458,Headshot of Neurologist,4527,Neurologist
459,459,Portrait of Neurologist,2588,Neurologist
460,460,Image of Cardiologist,2285,Cardiologist
461,461,Picture of Cardiologist,2388,Cardiologist
462,462,Photo of Cardiologist,577,Cardiologist
463,463,Headshot of Cardiologist,2139,Cardiologist
464,464,Portrait of Cardiologist,4016,Cardiologist
465,465,Image of Dermatologist,1210,Dermatologist
466,466,Picture of Dermatologist,2953,Dermatologist
467,467,Photo of Dermatologist,3233,Dermatologist
468,468,Headshot of Dermatologist,2798,Dermatologist
469,469,Portrait of Dermatologist,1312,Dermatologist
470,470,Image of Pediatrician,2337,Pediatrician
471,471,Picture of Pediatrician,453,Pediatrician
472,472,Photo of Pediatrician,2379,Pediatrician
473,473,Headshot of Pediatrician,4062,Pediatrician
474,474,Portrait of Pediatrician,1037,Pediatrician
475,475,Image of Ophthalmologist,1080,Ophthalmologist
476,476,Picture of Ophthalmologist,2155,Ophthalmologist
477,477,Photo of Ophthalmologist,493,Ophthalmologist
478,478,Headshot of Ophthalmologist,3205,Ophthalmologist
479,479,Portrait of Ophthalmologist,1534,Ophthalmologist
480,480,Image of Otolaryngologist,4634,Otolaryngologist
481,481,Picture of Otolaryngologist,3468,Otolaryngologist
482,482,Photo of Otolaryngologist,1969,Otolaryngologist
483,483,Headshot of Otolaryngologist,2400,Otolaryngologist
484,484,Portrait of Otolaryngologist,3342,Otolaryngologist
485,485,Image of Endocrinologist,1708,Endocrinologist
486,486,Picture of Endocrinologist,2733,Endocrinologist
487,487,Photo of Endocrinologist,3410,Endocrinologist
488,488,Headshot of Endocrinologist,3161,Endocrinologist
489,489,Portrait of Endocrinologist,2090,Endocrinologist
490,490,Image of Gastroenterologist,4942,Gastroenterologist
491,491,Picture of Gastroenterologist,1912,Gastroenterologist
492,492,Photo of Gastroenterologist,398,Gastroenterologist
493,493,Headshot of Gastroenterologist,4136,Gastroenterologist
494,494,Portrait of Gastroenterologist,4034,Gastroenterologist
495,495,Image of Rheumatologist,4485,Rheumatologist
496,496,Picture of Rheumatologist,462,Rheumatologist
497,497,Photo of Rheumatologist,3494,Rheumatologist
498,498,Headshot of Rheumatologist,4244,Rheumatologist
499,499,Portrait of Rheumatologist,1378,Rheumatologist
500,500,Image of Oncologist,863,Oncologist
501,501,Picture of Oncologist,2257,Oncologist
502,502,Photo of Oncologist,2066,Oncologist
503,503,Headshot of Oncologist,4307,Oncologist
504,504,Portrait of Oncologist,3712,Oncologist
505,505,Image of Physical Therapist,2447,Physical Therapist
506,506,Picture of Physical Therapist,1331,Physical Therapist
507,507,Photo of Physical Therapist,4077,Physical Therapist
508,508,Headshot of Physical Therapist,1257,Physical Therapist
509,509,Portrait of Physical Therapist,3368,Physical Therapist
510,510,Image of Occupational Therapist,3469,Occupational Therapist
511,511,Picture of Occupational Therapist,3318,Occupational Therapist
512,512,Photo of Occupational Therapist,1471,Occupational Therapist
513,513,Headshot of Occupational Therapist,3785,Occupational Therapist
514,514,Portrait of Occupational Therapist,3657,Occupational Therapist
515,515,Image of Speech Therapist,1185,Speech Therapist
516,516,Picture of Speech Therapist,3560,Speech Therapist
517,517,Photo of Speech Therapist,2218,Speech Therapist
518,518,Headshot of Speech Therapist,1199,Speech Therapist
519,519,Portrait of Speech Therapist,737,Speech Therapist
520,520,Image of Athletic Trainer,1275,Athletic Trainer
521,521,Picture of Athletic Trainer,4460,Athletic Trainer
522,522,Photo of Athletic Trainer,1886,Athletic Trainer
523,523,Headshot of Athletic Trainer,3863,Athletic Trainer
524,524,Portrait of Athletic Trainer,688,Athletic Trainer
525,525,Image of Fitness Trainer,3350,Fitness Trainer
526,526,Picture of Fitness Trainer,1711,Fitness Trainer
527,527,Photo of Fitness Trainer,4372,Fitness Trainer
528,528,Headshot of Fitness Trainer,4337,Fitness Trainer
529,529,Portrait of Fitness Trainer,4145,Fitness Trainer
530,530,Image of Interior Designer,619,Interior Designer
531,531,Picture of Interior Designer,1489,Interior Designer
532,532,Photo of Interior Designer,3925,Interior Designer
533,533,Headshot of Interior Designer,4096,Interior Designer
534,534,Portrait of Interior Designer,3272,Interior Designer
535,535,Image of Landscaper,4481,Landscaper
536,536,Picture of Landscaper,2372,Landscaper
537,537,Photo of Landscaper,464,Landscaper
538,538,Headshot of Landscaper,4075,Landscaper
539,539,Portrait of Landscaper,3828,Landscaper
540,540,Image of Urban Planner,1700,Urban Planner
541,541,Picture of Urban Planner,321,Urban Planner
542,542,Photo of Urban Planner,290,Urban Planner
543,543,Headshot of Urban Planner,3599,Urban Planner
544,544,Portrait of Urban Planner,667,Urban Planner
545,545,Image of Architectural Drafter,342,Architectural Drafter
546,546,Picture of Architectural Drafter,2978,Architectural Drafter
547,547,Photo of Architectural Drafter,81,Architectural Drafter
548,548,Headshot of Architectural Drafter,3237,Architectural Drafter
549,549,Portrait of Architectural Drafter,4757,Architectural Drafter
550,550,Image of Surveyor,647,Surveyor
551,551,Picture of Surveyor,1173,Surveyor
552,552,Photo of Surveyor,4097,Surveyor
553,553,Headshot of Surveyor,3690,Surveyor
554,554,Portrait of Surveyor,3790,Surveyor
555,555,Image of Civil Engineer,4561,Civil Engineer
556,556,Picture of Civil Engineer,1665,Civil Engineer
557,557,Photo of Civil Engineer,558,Civil Engineer
558,558,Headshot of Civil Engineer,4781,Civil Engineer
559,559,Portrait of Civil Engineer,1889,Civil Engineer
560,560,Image of Construction Manager,775,Construction Manager
561,561,Picture of Construction Manager,1486,Construction Manager
562,562,Photo of Construction Manager,2681,Construction Manager
563,563,Headshot of Construction Manager,1750,Construction Manager
564,564,Portrait of Construction Manager,3681,Construction Manager
565,565,Image of Environmental Scientist,396,Environmental Scientist
566,566,Picture of Environmental Scientist,3926,Environmental Scientist
567,567,Photo of Environmental Scientist,3866,Environmental Scientist
568,568,Headshot of Environmental Scientist,3672,Environmental Scientist
569,569,Portrait of Environmental Scientist,1681,Environmental Scientist
570,570,Image of Ecologist,1145,Ecologist
571,571,Picture of Ecologist,547,Ecologist
572,572,Photo of Ecologist,2489,Ecologist
573,573,Headshot of Ecologist,516,Ecologist
574,574,Portrait of Ecologist,4211,Ecologist
575,575,Image of Zoologist,3798,Zoologist
576,576,Picture of Zoologist,2846,Zoologist
577,577,Photo of Zoologist,4217,Zoologist
578,578,Headshot of Zoologist,3995,Zoologist
579,579,Portrait of Zoologist,970,Zoologist
580,580,Image of Marine Biologist,2838,Marine Biologist
581,581,Picture of Marine Biologist,738,Marine Biologist
582,582,Photo of Marine Biologist,2547,Marine Biologist
583,583,Headshot of Marine Biologist,59,Marine Biologist
584,584,Portrait of Marine Biologist,607,Marine Biologist
585,585,Image of Wildlife Biologist,34,Wildlife Biologist
586,586,Picture of Wildlife Biologist,3429,Wildlife Biologist
587,587,Photo of Wildlife Biologist,430,Wildlife Biologist
588,588,Headshot of Wildlife Biologist,2996,Wildlife Biologist
589,589,Portrait of Wildlife Biologist,3221,Wildlife Biologist
590,590,Image of Botanist,3894,Botanist
591,591,Picture of Botanist,2305,Botanist
592,592,Photo of Botanist,3274,Botanist
593,593,Headshot of Botanist,3652,Botanist
594,594,Portrait of Botanist,3039,Botanist
595,595,Image of Forester,769,Forester
596,596,Picture of Forester,2746,Forester
597,597,Photo of Forester,3548,Forester
598,598,Headshot of Forester,2194,Forester
599,599,Portrait of Forester,1564,Forester
600,600,Image of Meteorologist,133,Meteorologist
601,601,Picture of Meteorologist,168,Meteorologist
602,602,Photo of Meteorologist,2808,Meteorologist
603,603,Headshot of Meteorologist,476,Meteorologist
604,604,Portrait of Meteorologist,1250,Meteorologist
605,605,Image of Astronomer,1434,Astronomer
606,606,Picture of Astronomer,563,Astronomer
607,607,Photo of Astronomer,3992,Astronomer
608,608,Headshot of Astronomer,3058,Astronomer
609,609,Portrait of Astronomer,2700,Astronomer
610,610,Image of Chemical Engineer,1116,Chemical Engineer
611,611,Picture of Chemical Engineer,3152,Chemical Engineer
612,612,Photo of Chemical Engineer,3706,Chemical Engineer
613,613,Headshot of Chemical Engineer,4534,Chemical Engineer
614,614,Portrait of Chemical Engineer,4868,Chemical Engineer
615,615,Image of Mechanical Engineer,4667,Mechanical Engineer
616,616,Picture of Mechanical Engineer,973,Mechanical Engineer
617,617,Photo of Mechanical Engineer,2614,Mechanical Engineer
618,618,Headshot of Mechanical Engineer,1444,Mechanical Engineer
619,619,Portrait of Mechanical Engineer,4786,Mechanical Engineer
620,620,Image of Materials Engineer,2868,Materials Engineer
621,621,Picture of Materials Engineer,2351,Materials Engineer
622,622,Photo of Materials Engineer,2559,Materials Engineer
623,623,Headshot of Materials Engineer,1621,Materials Engineer
624,624,Portrait of Materials Engineer,3274,Materials Engineer
625,625,Image of Industrial Designer,4172,Industrial Designer
626,626,Picture of Industrial Designer,4121,Industrial Designer
627,627,Photo of Industrial Designer,79,Industrial Designer
628,628,Headshot of Industrial Designer,2824,Industrial Designer
629,629,Portrait of Industrial Designer,1040,Industrial Designer
630,630,Image of Aerospace Engineer,314,Aerospace Engineer
631,631,Picture of Aerospace Engineer,1609,Aerospace Engineer
632,632,Photo of Aerospace Engineer,4946,Aerospace Engineer
633,633,Headshot of Aerospace Engineer,2894,Aerospace Engineer
634,634,Portrait of Aerospace Engineer,1368,Aerospace Engineer
635,635,Image of Automotive Engineer,3697,Automotive Engineer
636,636,Picture of Automotive Engineer,2061,Automotive Engineer
637,637,Photo of Automotive Engineer,3132,Automotive Engineer
638,638,Headshot of Automotive Engineer,627,Automotive Engineer
639,639,Portrait of Automotive Engineer,4743,Automotive Engineer
640,640,Image of Textile Designer,816,Textile Designer
641,641,Picture of Textile Designer,1837,Textile Designer
642,642,Photo of Textile Designer,3988,Textile Designer
643,643,Headshot of Textile Designer,325,Textile Designer
644,644,Portrait of Textile Designer,2067,Textile Designer
645,645,Image of Fashion Stylist,4347,Fashion Stylist
646,646,Picture of Fashion Stylist,4886,Fashion Stylist
647,647,Photo of Fashion Stylist,627,Fashion Stylist
648,648,Headshot of Fashion Stylist,1494,Fashion Stylist
649,649,Portrait of Fashion Stylist,1384,Fashion Stylist
650,650,Image of Makeup Artist,170,Makeup Artist
651,651,Picture of Makeup Artist,313,Makeup Artist
652,652,Photo of Makeup Artist,3642,Makeup Artist
653,653,Headshot of Makeup Artist,4795,Makeup Artist
654,654,Portrait of Makeup Artist,20,Makeup Artist
655,655,Image of Costume Designer,3844,Costume Designer
656,656,Picture of Costume Designer,2374,Costume Designer
657,657,Photo of Costume Designer,4693,Costume Designer
658,658,Headshot of Costume Designer,4848,Costume Designer
659,659,Portrait of Costume Designer,3445,Costume Designer
660,660,Image of Special Effects Artist,624,Special Effects Artist
661,661,Picture of Special Effects Artist,1467,Special Effects Artist
662,662,Photo of Special Effects Artist,1268,Special Effects Artist
663,663,Headshot of Special Effects Artist,2061,Special Effects Artist
664,664,Portrait of Special Effects Artist,2355,Special Effects Artist
665,665,Image of Animator,4743,Animator
666,666,Picture of Animator,931,Animator
667,667,Photo of Animator,2638,Animator
668,668,Headshot of Animator,3902,Animator
669,669,Portrait of Animator,2721,Animator
670,670,Image of Game Designer,484,Game Designer
671,671,Picture of Game Designer,2761,Game Designer
672,672,Photo of Game Designer,595,Game Designer
673,673,Headshot of Game Designer,574,Game Designer
674,674,Portrait of Game Designer,1582,Game Designer
675,675,Image of Film Director,528,Film Director
676,676,Picture of Film Director,351,Film Director
677,677,Photo of Film Director,2388,Film Director
678,678,Headshot of Film Director,1889,Film Director
679,679,Portrait of Film Director,2695,Film Director
680,680,Image of Cinematographer,2755,Cinematographer
681,681,Picture of Cinematographer,4526,Cinematographer
682,682,Photo of Cinematographer,2279,Cinematographer
683,683,Headshot of Cinematographer,1092,Cinematographer
684,684,Portrait of Cinematographer,4367,Cinematographer
685,685,Image of Screenwriter,2901,Screenwriter
686,686,Picture of Screenwriter,708,Screenwriter
687,687,Photo of Screenwriter,4131,Screenwriter
688,688,Headshot of Screenwriter,4905,Screenwriter
689,689,Portrait of Screenwriter,1510,Screenwriter
690,690,Image of Film Editor,1888,Film Editor
691,691,Picture of Film Editor,4508,Film Editor
692,692,Photo of Film Editor,2753,Film Editor
693,693,Headshot of Film Editor,1509,Film Editor
694,694,Portrait of Film Editor,697,Film Editor
695,695,Image of Sound Designer,2536,Sound Designer
696,696,Picture of Sound Designer,4839,Sound Designer
697,697,Photo of Sound Designer,2272,Sound Designer
698,698,Headshot of Sound Designer,1370,Sound Designer
699,699,Portrait of Sound Designer,986,Sound Designer
700,700,Image of Music Producer,2356,Music Producer
701,701,Picture of Music Producer,3786,Music Producer
702,702,Photo of Music Producer,4402,Music Producer
703,703,Headshot of Music Producer,1296,Music Producer
704,704,Portrait of Music Producer,4995,Music Producer
705,705,Image of Composer,3904,Composer
706,706,Picture of Composer,2917,Composer
707,707,Photo of Composer,4063,Composer
708,708,Headshot of Composer,1611,Composer
709,709,Portrait of Composer,2077,Composer
710,710,Image of Singer,3502,Singer
711,711,Picture of Singer,2219,Singer
712,712,Photo of Singer,3863,Singer
713,713,Headshot of Singer,2141,Singer
714,714,Portrait of Singer,1415,Singer
715,715,Image of Voice Actor,1459,Voice Actor
716,716,Picture of Voice Actor,1119,Voice Actor
717,717,Photo of Voice Actor,508,Voice Actor
718,718,Headshot of Voice Actor,3604,Voice Actor
719,719,Portrait of Voice Actor,2022,Voice Actor
720,720,Image of Radio Host,3172,Radio Host
721,721,Picture of Radio Host,819,Radio Host
722,722,Photo of Radio Host,1483,Radio Host
723,723,Headshot of Radio Host,904,Radio Host
724,724,Portrait of Radio Host,4471,Radio Host
725,725,Image of Podcaster,1955,Podcaster
726,726,Picture of Podcaster,2508,Podcaster
727,727,Photo of Podcaster,2709,Podcaster
728,728,Headshot of Podcaster,311,Podcaster
729,729,Portrait of Podcaster,3908,Podcaster
730,730,Image of Copywriter,2012,Copywriter
731,731,Picture of Copywriter,2392,Copywriter
732,732,Photo of Copywriter,2816,Copywriter
733,733,Headshot of Copywriter,4748,Copywriter
734,734,Portrait of Copywriter,2892,Copywriter
735,735,Image of Editor,1220,Editor
736,736,Picture of Editor,3211,Editor
737,737,Photo of Editor,4800,Editor
738,738,Headshot of Editor,3401,Editor
739,739,Portrait of Editor,1285,Editor
740,740,Image of Proofreader,355,Proofreader
741,741,Picture of Proofreader,4029,Proofreader
742,742,Photo of Proofreader,3755,Proofreader
743,743,Headshot of Proofreader,2075,Proofreader
744,744,Portrait of Proofreader,2514,Proofreader
745,745,Image of Technical Writer,4415,Technical Writer
746,746,Picture of Technical Writer,4621,Technical Writer
747,747,Photo of Technical Writer,2528,Technical Writer
748,748,Headshot of Technical Writer,3028,Technical Writer
749,749,Portrait of Technical Writer,483,Technical Writer
750,750,Image of Grant Writer,4279,Grant Writer
751,751,Picture of Grant Writer,1152,Grant Writer
752,752,Photo of Grant Writer,2080,Grant Writer
753,753,Headshot of Grant Writer,1483,Grant Writer
754,754,Portrait of Grant Writer,3852,Grant Writer
755,755,Image of Travel Writer,4515,Travel Writer
756,756,Picture of Travel Writer,3299,Travel Writer
757,757,Photo of Travel Writer,3738,Travel Writer
758,758,Headshot of Travel Writer,4384,Travel Writer
759,759,Portrait of Travel Writer,2439,Travel Writer
760,760,Image of Novelist,2778,Novelist
761,761,Picture of Novelist,635,Novelist
762,762,Photo of Novelist,4743,Novelist
763,763,Headshot of Novelist,1235,Novelist
764,764,Portrait of Novelist,4595,Novelist
765,765,Image of Poet,3657,Poet
766,766,Picture of Poet,4915,Poet
767,767,Photo of Poet,3363,Poet
768,768,Headshot of Poet,3505,Poet
769,769,Portrait of Poet,664,Poet
770,770,Image of Playwright,98,Playwright
771,771,Picture of Playwright,2990,Playwright
772,772,Photo of Playwright,1674,Playwright
773,773,Headshot of Playwright,696,Playwright
774,774,Portrait of Playwright,835,Playwright
775,775,Image of Scriptwriter,573,Scriptwriter
776,776,Picture of Scriptwriter,3470,Scriptwriter
777,777,Photo of Scriptwriter,4820,Scriptwriter
778,778,Headshot of Scriptwriter,4410,Scriptwriter
779,779,Portrait of Scriptwriter,2084,Scriptwriter
780,780,Image of Storyteller,4399,Storyteller
781,781,Picture of Storyteller,3297,Storyteller
782,782,Photo of Storyteller,3230,Storyteller
783,783,Headshot of Storyteller,583,Storyteller
784,784,Portrait of Storyteller,2591,Storyteller
785,785,Image of Comedian,4731,Comedian
786,786,Picture of Comedian,4656,Comedian
787,787,Photo of Comedian,3569,Comedian
788,788,Headshot of Comedian,4909,Comedian
789,789,Portrait of Comedian,1049,Comedian
790,790,Image of Hotel Manager,1810,Hotel Manager
791,791,Picture of Hotel Manager,354,Hotel Manager
792,792,Photo of Hotel Manager,2737,Hotel Manager
793,793,Headshot of Hotel Manager,822,Hotel Manager
794,794,Portrait of Hotel Manager,4083,Hotel Manager
795,795,Image of Tour Guide,2597,Tour Guide
796,796,Picture of Tour Guide,3015,Tour Guide
797,797,Photo of Tour Guide,1225,Tour Guide
798,798,Headshot of Tour Guide,1176,Tour Guide
799,799,Portrait of Tour Guide,2928,Tour Guide
800,800,Image of Flight Attendant,1227,Flight Attendant
801,801,Picture of Flight Attendant,810,Flight Attendant
802,802,Photo of Flight Attendant,971,Flight Attendant
803,803,Headshot of Flight Attendant,1789,Flight Attendant
804,804,Portrait of Flight Attendant,1882,Flight Attendant
805,805,Image of Cruise Ship Director,3872,Cruise Ship Director
806,806,Picture of Cruise Ship Director,2081,Cruise Ship Director
807,807,Photo of Cruise Ship Director,2123,Cruise Ship Director
808,808,Headshot of Cruise Ship Director,3337,Cruise Ship Director
809,809,Portrait of Cruise Ship Director,704,Cruise Ship Director
810,810,Image of Event Planner,579,Event Planner
811,811,Picture of Event Planner,1577,Event Planner
812,812,Photo of Event Planner,3613,Event Planner
813,813,Headshot of Event Planner,3538,Event Planner
814,814,Portrait of Event Planner,4238,Event Planner
815,815,Image of Wedding Planner,329,Wedding Planner
816,816,Picture of Wedding Planner,4136,Wedding Planner
817,817,Photo of Wedding Planner,386,Wedding Planner
818,818,Headshot of Wedding Planner,3570,Wedding Planner
819,819,Portrait of Wedding Planner,3979,Wedding Planner
820,820,Image of Graphic Artist,2839,Graphic Artist
821,821,Picture of Graphic Artist,726,Graphic Artist
822,822,Photo of Graphic Artist,4786,Graphic Artist
823,823,Headshot of Graphic Artist,3669,Graphic Artist
824,824,Portrait of Graphic Artist,2793,Graphic Artist
825,825,Image of Multimedia Artist,1581,Multimedia Artist
826,826,Picture of Multimedia Artist,2806,Multimedia Artist
827,827,Photo of Multimedia Artist,4754,Multimedia Artist
828,828,Headshot of Multimedia Artist,3976,Multimedia Artist
829,829,Portrait of Multimedia Artist,4063,Multimedia Artist
830,830,Image of Industrial Designer,4174,Industrial Designer
831,831,Picture of Industrial Designer,562,Industrial Designer
832,832,Photo of Industrial Designer,4907,Industrial Designer
833,833,Headshot of Industrial Designer,4486,Industrial Designer
834,834,Portrait of Industrial Designer,3301,Industrial Designer
835,835,Image of Game Artist,4830,Game Artist
836,836,Picture of Game Artist,2784,Game Artist
837,837,Photo of Game Artist,2518,Game Artist
838,838,Headshot of Game Artist,2614,Game Artist
839,839,Portrait of Game Artist,4116,Game Artist
840,840,Image of Art Director,635,Art Director
841,841,Picture of Art Director,1593,Art Director
842,842,Photo of Art Director,2550,Art Director
843,843,Headshot of Art Director,2792,Art Director
844,844,Portrait of Art Director,490,Art Director
845,845,Image of Creative Director,2980,Creative Director
846,846,Picture of Creative Director,3173,Creative Director
847,847,Photo of Creative Director,3713,Creative Director
848,848,Headshot of Creative Director,1452,Creative Director
849,849,Portrait of Creative Director,4063,Creative Director
850,850,Image of Copy Editor,2767,Copy Editor
851,851,Picture of Copy Editor,809,Copy Editor
852,852,Photo of Copy Editor,475,Copy Editor
853,853,Headshot of Copy Editor,1250,Copy Editor
854,854,Portrait of Copy Editor,1493,Copy Editor
855,855,Image of Book Editor,880,Book Editor
856,856,Picture of Book Editor,1266,Book Editor
857,857,Photo of Book Editor,2185,Book Editor
858,858,Headshot of Book Editor,4824,Book Editor
859,859,Portrait of Book Editor,95,Book Editor
860,860,Image of Photojournalist,4882,Photojournalist
861,861,Picture of Photojournalist,3926,Photojournalist
862,862,Photo of Photojournalist,2099,Photojournalist
863,863,Headshot of Photojournalist,301,Photojournalist
864,864,Portrait of Photojournalist,1071,Photojournalist
865,865,Image of News Anchor,795,News Anchor
866,866,Picture of News Anchor,4590,News Anchor
867,867,Photo of News Anchor,355,News Anchor
868,868,Headshot of News Anchor,3196,News Anchor
869,869,Portrait of News Anchor,3312,News Anchor
870,870,Image of Television Producer,4638,Television Producer
871,871,Picture of Television Producer,2129,Television Producer
872,872,Photo of Television Producer,4134,Television Producer
873,873,Headshot of Television Producer,759,Television Producer
874,874,Portrait of Television Producer,4428,Television Producer
875,875,Image of Documentary Filmmaker,3532,Documentary Filmmaker
876,876,Picture of Documentary Filmmaker,912,Documentary Filmmaker
877,877,Photo of Documentary Filmmaker,4262,Documentary Filmmaker
878,878,Headshot of Documentary Filmmaker,3310,Documentary Filmmaker
879,879,Portrait of Documentary Filmmaker,3632,Documentary Filmmaker
880,880,Image of Sound Engineer,124,Sound Engineer
881,881,Picture of Sound Engineer,1322,Sound Engineer
882,882,Photo of Sound Engineer,4399,Sound Engineer
883,883,Headshot of Sound Engineer,632,Sound Engineer
884,884,Portrait of Sound Engineer,3541,Sound Engineer
885,885,Image of Sound Editor,3328,Sound Editor
886,886,Picture of Sound Editor,1914,Sound Editor
887,887,Photo of Sound Editor,1659,Sound Editor
888,888,Headshot of Sound Editor,4200,Sound Editor
889,889,Portrait of Sound Editor,4631,Sound Editor
890,890,Image of Mixer,37,Mixer
891,891,Picture of Mixer,126,Mixer
892,892,Photo of Mixer,2769,Mixer
893,893,Headshot of Mixer,3200,Mixer
894,894,Portrait of Mixer,3888,Mixer
895,895,Image of Recording Engineer,2753,Recording Engineer
896,896,Picture of Recording Engineer,831,Recording Engineer
897,897,Photo of Recording Engineer,1926,Recording Engineer
898,898,Headshot of Recording Engineer,4471,Recording Engineer
899,899,Portrait of Recording Engineer,970,Recording Engineer
900,900,Image of Mastering Engineer,2696,Mastering Engineer
901,901,Picture of Mastering Engineer,4665,Mastering Engineer
902,902,Photo of Mastering Engineer,733,Mastering Engineer
903,903,Headshot of Mastering Engineer,1743,Mastering Engineer
904,904,Portrait of Mastering Engineer,1229,Mastering Engineer
905,905,Image of Music Publisher,1779,Music Publisher
906,906,Picture of Music Publisher,1237,Music Publisher
907,907,Photo of Music Publisher,2205,Music Publisher
908,908,Headshot of Music Publisher,594,Music Publisher
909,909,Portrait of Music Publisher,875,Music Publisher
910,910,Image of Talent Agent,2791,Talent Agent
911,911,Picture of Talent Agent,1103,Talent Agent
912,912,Photo of Talent Agent,4735,Talent Agent
913,913,Headshot of Talent Agent,4686,Talent Agent
914,914,Portrait of Talent Agent,1768,Talent Agent
915,915,Image of Voiceover Artist,3071,Voiceover Artist
916,916,Picture of Voiceover Artist,3101,Voiceover Artist
917,917,Photo of Voiceover Artist,1687,Voiceover Artist
918,918,Headshot of Voiceover Artist,2302,Voiceover Artist
919,919,Portrait of Voiceover Artist,1722,Voiceover Artist
920,920,Image of Art Historian,4240,Art Historian
921,921,Picture of Art Historian,4863,Art Historian
922,922,Photo of Art Historian,3900,Art Historian
923,923,Headshot of Art Historian,2514,Art Historian
924,924,Portrait of Art Historian,3938,Art Historian
925,925,Image of Dance Instructor,987,Dance Instructor
926,926,Picture of Dance Instructor,4396,Dance Instructor
927,927,Photo of Dance Instructor,1149,Dance Instructor
928,928,Headshot of Dance Instructor,3497,Dance Instructor
929,929,Portrait of Dance Instructor,2004,Dance Instructor
930,930,Image of Choreographer,3635,Choreographer
931,931,Picture of Choreographer,2149,Choreographer
932,932,Photo of Choreographer,1678,Choreographer
933,933,Headshot of Choreographer,2383,Choreographer
934,934,Portrait of Choreographer,289,Choreographer
935,935,Image of Fine Artist,3571,Fine Artist
936,936,Picture of Fine Artist,2360,Fine Artist
937,937,Photo of Fine Artist,1816,Fine Artist
938,938,Headshot of Fine Artist,4984,Fine Artist
939,939,Portrait of Fine Artist,2365,Fine Artist
940,940,Image of Museum Curator,3353,Museum Curator
941,941,Picture of Museum Curator,4326,Museum Curator
942,942,Photo of Museum Curator,1823,Museum Curator
943,943,Headshot of Museum Curator,912,Museum Curator
944,944,Portrait of Museum Curator,3438,Museum Curator
945,945,Image of Art Critic,3519,Art Critic
946,946,Picture of Art Critic,2280,Art Critic
947,947,Photo of Art Critic,1931,Art Critic
948,948,Headshot of Art Critic,4712,Art Critic
949,949,Portrait of Art Critic,2294,Art Critic
950,950,Image of Art Dealer,4663,Art Dealer
951,951,Picture of Art Dealer,3650,Art Dealer
952,952,Photo of Art Dealer,4566,Art Dealer
953,953,Headshot of Art Dealer,4577,Art Dealer
954,954,Portrait of Art Dealer,1874,Art Dealer
955,955,Image of Art Restorer,1423,Art Restorer
956,956,Picture of Art Restorer,2771,Art Restorer
957,957,Photo of Art Restorer,4924,Art Restorer
958,958,Headshot of Art Restorer,1536,Art Restorer
959,959,Portrait of Art Restorer,2569,Art Restorer
960,960,Image of Art Therapist,4292,Art Therapist
961,961,Picture of Art Therapist,2876,Art Therapist
962,962,Photo of Art Therapist,557,Art Therapist
963,963,Headshot of Art Therapist,4946,Art Therapist
964,964,Portrait of Art Therapist,610,Art Therapist
965,965,Image of Medical Illustrator,3077,Medical Illustrator
966,966,Picture of Medical Illustrator,3719,Medical Illustrator
967,967,Photo of Medical Illustrator,2793,Medical Illustrator
968,968,Headshot of Medical Illustrator,3308,Medical Illustrator
969,969,Portrait of Medical Illustrator,474,Medical Illustrator
970,970,Image of Technical Illustrator,1160,Technical Illustrator
971,971,Picture of Technical Illustrator,2383,Technical Illustrator
972,972,Photo of Technical Illustrator,244,Technical Illustrator
973,973,Headshot of Technical Illustrator,2145,Technical Illustrator
974,974,Portrait of Technical Illustrator,1338,Technical Illustrator
975,975,Image of Storyboard Artist,2343,Storyboard Artist
976,976,Picture of Storyboard Artist,3859,Storyboard Artist
977,977,Photo of Storyboard Artist,3432,Storyboard Artist
978,978,Headshot of Storyboard Artist,1557,Storyboard Artist
979,979,Portrait of Storyboard Artist,1389,Storyboard Artist
980,980,Image of Industrial Designer,1974,Industrial Designer
981,981,Picture of Industrial Designer,890,Industrial Designer
982,982,Photo of Industrial Designer,3140,Industrial Designer
983,983,Headshot of Industrial Designer,1147,Industrial Designer
984,984,Portrait of Industrial Designer,2188,Industrial Designer
985,985,Image of Web Designer,644,Web Designer
986,986,Picture of Web Designer,1613,Web Designer
987,987,Photo of Web Designer,3095,Web Designer
988,988,Headshot of Web Designer,3789,Web Designer
989,989,Portrait of Web Designer,4848,Web Designer
990,990,Image of Flash Animator,3526,Flash Animator
991,991,Picture of Flash Animator,1406,Flash Animator
992,992,Photo of Flash Animator,2451,Flash Animator
993,993,Headshot of Flash Animator,662,Flash Animator
994,994,Portrait of Flash Animator,3325,Flash Animator
995,995,Image of 3D Animator,2939,3D Animator
996,996,Picture of 3D Animator,564,3D Animator
997,997,Photo of 3D Animator,3251,3D Animator
998,998,Headshot of 3D Animator,2349,3D Animator
999,999,Portrait of 3D Animator,1237,3D Animator
1000,1000,Image of Visual Effects Artist,497,Visual Effects Artist
1001,1001,Picture of Visual Effects Artist,1539,Visual Effects Artist
1002,1002,Photo of Visual Effects Artist,396,Visual Effects Artist
1003,1003,Headshot of Visual Effects Artist,4016,Visual Effects Artist
1004,1004,Portrait of Visual Effects Artist,34,Visual Effects Artist
1005,1005,Image of Lighting Designer,3142,Lighting Designer
1006,1006,Picture of Lighting Designer,844,Lighting Designer
1007,1007,Photo of Lighting Designer,900,Lighting Designer
1008,1008,Headshot of Lighting Designer,1002,Lighting Designer
1009,1009,Portrait of Lighting Designer,3378,Lighting Designer
1010,1010,Image of Set Designer,157,Set Designer
1011,1011,Picture of Set Designer,3714,Set Designer
1012,1012,Photo of Set Designer,3555,Set Designer
1013,1013,Headshot of Set Designer,3002,Set Designer
1014,1014,Portrait of Set Designer,3580,Set Designer
1015,1015,Image of Prop Master,2873,Prop Master
1016,1016,Picture of Prop Master,2259,Prop Master
1017,1017,Photo of Prop Master,144,Prop Master
1018,1018,Headshot of Prop Master,2532,Prop Master
1019,1019,Portrait of Prop Master,1753,Prop Master
1020,1020,Image of Wardrobe Stylist,1130,Wardrobe Stylist
1021,1021,Picture of Wardrobe Stylist,3179,Wardrobe Stylist
1022,1022,Photo of Wardrobe Stylist,685,Wardrobe Stylist
1023,1023,Headshot of Wardrobe Stylist,3314,Wardrobe Stylist
1024,1024,Portrait of Wardrobe Stylist,2578,Wardrobe Stylist
1025,1025,Image of Set Decorator,3769,Set Decorator
1026,1026,Picture of Set Decorator,287,Set Decorator
1027,1027,Photo of Set Decorator,4559,Set Decorator
1028,1028,Headshot of Set Decorator,3829,Set Decorator
1029,1029,Portrait of Set Decorator,391,Set Decorator
1030,1030,Image of Production Designer,1916,Production Designer
1031,1031,Picture of Production Designer,4924,Production Designer
1032,1032,Photo of Production Designer,3121,Production Designer
1033,1033,Headshot of Production Designer,3672,Production Designer
1034,1034,Portrait of Production Designer,1613,Production Designer
