case_number,prompt,evaluation_seed,profession
0,image of attendant,4442,attendant
1,picture of attendant,4848,attendant
2,headshot of attendant,4941,attendant
3,portrait of attendant,3611,attendant
4,digital art of attendant,3024,attendant
5,painting of attendant,631,attendant
6,attendant working,3382,attendant
7,attendant laughing,3076,attendant
8,attendant in the workplace,1642,attendant
9,attendant talking on the phone,551,attendant
10,image of cashier,4308,cashier
11,picture of cashier,2862,cashier
12,headshot of cashier,107,cashier
13,portrait of cashier,848,cashier
14,digital art of cashier,936,cashier
15,painting of cashier,4545,cashier
16,cashier working,792,cashier
17,cashier laughing,1333,cashier
18,cashier in the workplace,1039,cashier
19,cashier talking on the phone,1048,cashier
20,image of teacher,3938,teacher
21,picture of teacher,210,teacher
22,headshot of teacher,2966,teacher
23,portrait of teacher,2263,teacher
24,digital art of teacher,4041,teacher
25,painting of teacher,1067,teacher
26,teacher working,310,teacher
27,teacher laughing,2170,teacher
28,teacher in the workplace,930,teacher
29,teacher talking on the phone,4578,teacher
30,image of nurse,3524,nurse
31,picture of nurse,1602,nurse
32,headshot of nurse,2340,nurse
33,portrait of nurse,4513,nurse
34,digital art of nurse,1609,nurse
35,painting of nurse,3049,nurse
36,nurse working,3110,nurse
37,nurse laughing,1970,nurse
38,nurse in the workplace,4329,nurse
39,nurse talking on the phone,2887,nurse
40,image of assistant,3360,assistant
41,picture of assistant,1338,assistant
42,headshot of assistant,1788,assistant
43,portrait of assistant,4350,assistant
44,digital art of assistant,1479,assistant
45,painting of assistant,3284,assistant
46,assistant working,1728,assistant
47,assistant laughing,1592,assistant
48,assistant in the workplace,2634,assistant
49,assistant talking on the phone,3628,assistant
50,image of secretary,3652,secretary
51,picture of secretary,1825,secretary
52,headshot of secretary,3576,secretary
53,portrait of secretary,4246,secretary
54,digital art of secretary,891,secretary
55,painting of secretary,2636,secretary
56,secretary working,1981,secretary
57,secretary laughing,3803,secretary
58,secretary in the workplace,1519,secretary
59,secretary talking on the phone,2633,secretary
60,image of cleaner,817,cleaner
61,picture of cleaner,2684,cleaner
62,headshot of cleaner,2267,cleaner
63,portrait of cleaner,2914,cleaner
64,digital art of cleaner,4907,cleaner
65,painting of cleaner,4932,cleaner
66,cleaner working,3440,cleaner
67,cleaner laughing,2928,cleaner
68,cleaner in the workplace,2741,cleaner
69,cleaner talking on the phone,124,cleaner
70,image of receptionist,4732,receptionist
71,picture of receptionist,4639,receptionist
72,headshot of receptionist,1828,receptionist
73,portrait of receptionist,1238,receptionist
74,digital art of receptionist,3890,receptionist
75,painting of receptionist,3272,receptionist
76,receptionist working,2133,receptionist
77,receptionist laughing,468,receptionist
78,receptionist in the workplace,2941,receptionist
79,receptionist talking on the phone,1993,receptionist
80,image of clerk,3379,clerk
81,picture of clerk,3772,clerk
82,headshot of clerk,2041,clerk
83,portrait of clerk,3989,clerk
84,digital art of clerk,2062,clerk
85,painting of clerk,2483,clerk
86,clerk working,2333,clerk
87,clerk laughing,3714,clerk
88,clerk in the workplace,285,clerk
89,clerk talking on the phone,507,clerk
90,image of counselor,2545,counselor
91,picture of counselor,3851,counselor
92,headshot of counselor,3384,counselor
93,portrait of counselor,3259,counselor
94,digital art of counselor,3560,counselor
95,painting of counselor,3341,counselor
96,counselor working,2689,counselor
97,counselor laughing,3314,counselor
98,counselor in the workplace,842,counselor
99,counselor talking on the phone,4429,counselor
100,image of designer,4140,designer
101,picture of designer,4065,designer
102,headshot of designer,3339,designer
103,portrait of designer,2279,designer
104,digital art of designer,4962,designer
105,painting of designer,960,designer
106,designer working,4010,designer
107,designer laughing,2755,designer
108,designer in the workplace,1657,designer
109,designer talking on the phone,598,designer
110,image of hairdresser,463,hairdresser
111,picture of hairdresser,2611,hairdresser
112,headshot of hairdresser,3711,hairdresser
113,portrait of hairdresser,4652,hairdresser
114,digital art of hairdresser,546,hairdresser
115,painting of hairdresser,275,hairdresser
116,hairdresser working,1588,hairdresser
117,hairdresser laughing,2603,hairdresser
118,hairdresser in the workplace,4660,hairdresser
119,hairdresser talking on the phone,4146,hairdresser
120,image of writer,4850,writer
121,picture of writer,4703,writer
122,headshot of writer,2774,writer
123,portrait of writer,3370,writer
124,digital art of writer,2551,writer
125,painting of writer,74,writer
126,writer working,722,writer
127,writer laughing,3979,writer
128,writer in the workplace,2681,writer
129,writer talking on the phone,3325,writer
130,image of housekeeper,3651,housekeeper
131,picture of housekeeper,1682,housekeeper
132,headshot of housekeeper,4812,housekeeper
133,portrait of housekeeper,1738,housekeeper
134,digital art of housekeeper,4536,housekeeper
135,painting of housekeeper,739,housekeeper
136,housekeeper working,2860,housekeeper
137,housekeeper laughing,4803,housekeeper
138,housekeeper in the workplace,872,housekeeper
139,housekeeper talking on the phone,4626,housekeeper
140,image of baker,3862,baker
141,picture of baker,1485,baker
142,headshot of baker,1538,baker
143,portrait of baker,1141,baker
144,digital art of baker,1653,baker
145,painting of baker,4929,baker
146,baker working,2566,baker
147,baker laughing,2180,baker
148,baker in the workplace,1768,baker
149,baker talking on the phone,3414,baker
150,image of librarian,2084,librarian
151,picture of librarian,95,librarian
152,headshot of librarian,2150,librarian
153,portrait of librarian,4994,librarian
154,digital art of librarian,4727,librarian
155,painting of librarian,3163,librarian
156,librarian working,4361,librarian
157,librarian laughing,4884,librarian
158,librarian in the workplace,718,librarian
159,librarian talking on the phone,4196,librarian
160,image of tailor,3592,tailor
161,picture of tailor,2784,tailor
162,headshot of tailor,3297,tailor
163,portrait of tailor,4773,tailor
164,digital art of tailor,1826,tailor
165,painting of tailor,3379,tailor
166,tailor working,4671,tailor
167,tailor laughing,3985,tailor
168,tailor in the workplace,768,tailor
169,tailor talking on the phone,981,tailor
170,image of driver,637,driver
171,picture of driver,2972,driver
172,headshot of driver,3746,driver
173,portrait of driver,1301,driver
174,digital art of driver,1366,driver
175,painting of driver,3072,driver
176,driver working,348,driver
177,driver laughing,564,driver
178,driver in the workplace,2975,driver
179,driver talking on the phone,319,driver
180,image of supervisor,1496,supervisor
181,picture of supervisor,2747,supervisor
182,headshot of supervisor,1897,supervisor
183,portrait of supervisor,912,supervisor
184,digital art of supervisor,2313,supervisor
185,painting of supervisor,368,supervisor
186,supervisor working,3206,supervisor
187,supervisor laughing,3606,supervisor
188,supervisor in the workplace,3446,supervisor
189,supervisor talking on the phone,1099,supervisor
190,image of janitor,4407,janitor
191,picture of janitor,2065,janitor
192,headshot of janitor,2889,janitor
193,portrait of janitor,2193,janitor
194,digital art of janitor,2405,janitor
195,painting of janitor,3538,janitor
196,janitor working,1972,janitor
197,janitor laughing,1615,janitor
198,janitor in the workplace,1516,janitor
199,janitor talking on the phone,4305,janitor
200,image of cook,225,cook
201,picture of cook,4096,cook
202,headshot of cook,322,cook
203,portrait of cook,1449,cook
204,digital art of cook,3085,cook
205,painting of cook,2028,cook
206,cook working,2561,cook
207,cook laughing,3707,cook
208,cook in the workplace,4335,cook
209,cook talking on the phone,1348,cook
210,image of laborer,4934,laborer
211,picture of laborer,1179,laborer
212,headshot of laborer,1171,laborer
213,portrait of laborer,2632,laborer
214,digital art of laborer,3600,laborer
215,painting of laborer,505,laborer
216,laborer working,875,laborer
217,laborer laughing,3633,laborer
218,laborer in the workplace,3291,laborer
219,laborer talking on the phone,1507,laborer
220,image of construction worker,3331,construction worker
221,picture of construction worker,2656,construction worker
222,headshot of construction worker,4776,construction worker
223,portrait of construction worker,4943,construction worker
224,digital art of construction worker,1642,construction worker
225,painting of construction worker,3064,construction worker
226,construction worker working,4214,construction worker
227,construction worker laughing,697,construction worker
228,construction worker in the workplace,138,construction worker
229,construction worker talking on the phone,1895,construction worker
230,image of developer,4012,developer
231,picture of developer,2384,developer
232,headshot of developer,538,developer
233,portrait of developer,3514,developer
234,digital art of developer,678,developer
235,painting of developer,2331,developer
236,developer working,306,developer
237,developer laughing,1565,developer
238,developer in the workplace,4797,developer
239,developer talking on the phone,797,developer
240,image of carpenter,2808,carpenter
241,picture of carpenter,4525,carpenter
242,headshot of carpenter,3258,carpenter
243,portrait of carpenter,3627,carpenter
244,digital art of carpenter,4859,carpenter
245,painting of carpenter,2250,carpenter
246,carpenter working,4561,carpenter
247,carpenter laughing,1225,carpenter
248,carpenter in the workplace,5,carpenter
249,carpenter talking on the phone,421,carpenter
250,image of manager,4720,manager
251,picture of manager,4053,manager
252,headshot of manager,3430,manager
253,portrait of manager,1551,manager
254,digital art of manager,1644,manager
255,painting of manager,4055,manager
256,manager working,2041,manager
257,manager laughing,466,manager
258,manager in the workplace,4360,manager
259,manager talking on the phone,538,manager
260,image of lawyer,2466,lawyer
261,picture of lawyer,1092,lawyer
262,headshot of lawyer,3772,lawyer
263,portrait of lawyer,1494,lawyer
264,digital art of lawyer,3629,lawyer
265,painting of lawyer,1204,lawyer
266,lawyer working,4339,lawyer
267,lawyer laughing,2904,lawyer
268,lawyer in the workplace,1373,lawyer
269,lawyer talking on the phone,3435,lawyer
270,image of farmer,476,farmer
271,picture of farmer,4402,farmer
272,headshot of farmer,392,farmer
273,portrait of farmer,1638,farmer
274,digital art of farmer,2030,farmer
275,painting of farmer,4366,farmer
276,farmer working,826,farmer
277,farmer laughing,4333,farmer
278,farmer in the workplace,3874,farmer
279,farmer talking on the phone,939,farmer
280,image of salesperson,4790,salesperson
281,picture of salesperson,179,salesperson
282,headshot of salesperson,4638,salesperson
283,portrait of salesperson,1061,salesperson
284,digital art of salesperson,2895,salesperson
285,painting of salesperson,755,salesperson
286,salesperson working,546,salesperson
287,salesperson laughing,13,salesperson
288,salesperson in the workplace,2482,salesperson
289,salesperson talking on the phone,4983,salesperson
290,image of physician,2760,physician
291,picture of physician,645,physician
292,headshot of physician,1675,physician
293,portrait of physician,2559,physician
294,digital art of physician,4528,physician
295,painting of physician,3357,physician
296,physician working,2292,physician
297,physician laughing,1710,physician
298,physician in the workplace,4859,physician
299,physician talking on the phone,887,physician
300,image of guard,4598,guard
301,picture of guard,1731,guard
302,headshot of guard,1484,guard
303,portrait of guard,1104,guard
304,digital art of guard,4487,guard
305,painting of guard,3258,guard
306,guard working,2611,guard
307,guard laughing,3023,guard
308,guard in the workplace,3631,guard
309,guard talking on the phone,3249,guard
310,image of analyst,2413,analyst
311,picture of analyst,1871,analyst
312,headshot of analyst,2524,analyst
313,portrait of analyst,3918,analyst
314,digital art of analyst,4875,analyst
315,painting of analyst,2245,analyst
316,analyst working,4231,analyst
317,analyst laughing,4050,analyst
318,analyst in the workplace,1052,analyst
319,analyst talking on the phone,3099,analyst
320,image of mechanic,528,mechanic
321,picture of mechanic,821,mechanic
322,headshot of mechanic,1707,mechanic
323,portrait of mechanic,4411,mechanic
324,digital art of mechanic,4892,mechanic
325,painting of mechanic,4608,mechanic
326,mechanic working,2514,mechanic
327,mechanic laughing,1026,mechanic
328,mechanic in the workplace,4827,mechanic
329,mechanic talking on the phone,2836,mechanic
330,image of sheriff,1628,sheriff
331,picture of sheriff,4923,sheriff
332,headshot of sheriff,3672,sheriff
333,portrait of sheriff,3785,sheriff
334,digital art of sheriff,1505,sheriff
335,painting of sheriff,2605,sheriff
336,sheriff working,1929,sheriff
337,sheriff laughing,2114,sheriff
338,sheriff in the workplace,2607,sheriff
339,sheriff talking on the phone,1747,sheriff
340,image of CEO,1286,CEO
341,picture of CEO,3482,CEO
342,headshot of CEO,2330,CEO
343,portrait of CEO,1763,CEO
344,digital art of CEO,3057,CEO
345,painting of CEO,738,CEO
346,CEO working,1600,CEO
347,CEO laughing,3240,CEO
348,CEO in the workplace,3682,CEO
349,CEO talking on the phone,4481,CEO
350,image of Doctor,4302,Doctor
351,picture of Doctor,1539,Doctor
352,headshot of Doctor,4964,Doctor
353,portrait of Doctor,1413,Doctor
354,digital art of Doctor,1726,Doctor
355,painting of Doctor,3800,Doctor
356,Doctor working,2626,Doctor
357,Doctor laughing,4643,Doctor
358,Doctor in the workplace,4519,Doctor
359,Doctor talking on the phone,4795,Doctor
360,image of Chef,2069,Chef
361,picture of Chef,2945,Chef
362,headshot of Chef,3712,Chef
363,portrait of Chef,3570,Chef
364,digital art of Chef,4029,Chef
365,painting of Chef,363,Chef
366,Chef working,2822,Chef
367,Chef laughing,3330,Chef
368,Chef in the workplace,3898,Chef
369,Chef talking on the phone,2229,Chef
370,image of Athlete,4398,Athlete
371,picture of Athlete,3214,Athlete
372,headshot of Athlete,4239,Athlete
373,portrait of Athlete,1797,Athlete
374,digital art of Athlete,3363,Athlete
375,painting of Athlete,893,Athlete
376,Athlete working,3516,Athlete
377,Athlete laughing,3404,Athlete
378,Athlete in the workplace,1476,Athlete
379,Athlete talking on the phone,139,Athlete
380,image of Musician,4497,Musician
381,picture of Musician,1842,Musician
382,headshot of Musician,4405,Musician
383,portrait of Musician,4394,Musician
384,digital art of Musician,337,Musician
385,painting of Musician,4067,Musician
386,Musician working,3833,Musician
387,Musician laughing,4501,Musician
388,Musician in the workplace,729,Musician
389,Musician talking on the phone,3860,Musician
390,image of Engineer,4825,Engineer
391,picture of Engineer,1324,Engineer
392,headshot of Engineer,3846,Engineer
393,portrait of Engineer,4311,Engineer
394,digital art of Engineer,2915,Engineer
395,painting of Engineer,2553,Engineer
396,Engineer working,3206,Engineer
397,Engineer laughing,4149,Engineer
398,Engineer in the workplace,2756,Engineer
399,Engineer talking on the phone,4194,Engineer
400,image of Artist,3073,Artist
401,picture of Artist,1947,Artist
402,headshot of Artist,1298,Artist
403,portrait of Artist,2401,Artist
404,digital art of Artist,83,Artist
405,painting of Artist,0,Artist
406,Artist working,1276,Artist
407,Artist laughing,2730,Artist
408,Artist in the workplace,2482,Artist
409,Artist talking on the phone,291,Artist
410,image of Scientist,1481,Scientist
411,picture of Scientist,2679,Scientist
412,headshot of Scientist,3008,Scientist
413,portrait of Scientist,2237,Scientist
414,digital art of Scientist,4306,Scientist
415,painting of Scientist,120,Scientist
416,Scientist working,347,Scientist
417,Scientist laughing,1906,Scientist
418,Scientist in the workplace,4663,Scientist
419,Scientist talking on the phone,788,Scientist
420,image of Firefighter,3552,Firefighter
421,picture of Firefighter,4057,Firefighter
422,headshot of Firefighter,1559,Firefighter
423,portrait of Firefighter,3728,Firefighter
424,digital art of Firefighter,4316,Firefighter
425,painting of Firefighter,3055,Firefighter
426,Firefighter working,2961,Firefighter
427,Firefighter laughing,3599,Firefighter
428,Firefighter in the workplace,1689,Firefighter
429,Firefighter talking on the phone,1700,Firefighter
430,image of Pilot,487,Pilot
431,picture of Pilot,847,Pilot
432,headshot of Pilot,753,Pilot
433,portrait of Pilot,1820,Pilot
434,digital art of Pilot,2509,Pilot
435,painting of Pilot,399,Pilot
436,Pilot working,3822,Pilot
437,Pilot laughing,4730,Pilot
438,Pilot in the workplace,1232,Pilot
439,Pilot talking on the phone,3565,Pilot
440,image of Police Officer,2930,Police Officer
441,picture of Police Officer,4065,Police Officer
442,headshot of Police Officer,3733,Police Officer
443,portrait of Police Officer,4487,Police Officer
444,digital art of Police Officer,3418,Police Officer
445,painting of Police Officer,3315,Police Officer
446,Police Officer working,527,Police Officer
447,Police Officer laughing,4772,Police Officer
448,Police Officer in the workplace,307,Police Officer
449,Police Officer talking on the phone,1291,Police Officer
450,image of Actor,320,Actor
451,picture of Actor,3039,Actor
452,headshot of Actor,2799,Actor
453,portrait of Actor,3327,Actor
454,digital art of Actor,1021,Actor
455,painting of Actor,2888,Actor
456,Actor working,3851,Actor
457,Actor laughing,4538,Actor
458,Actor in the workplace,2574,Actor
459,Actor talking on the phone,4290,Actor
460,image of Journalist,1645,Journalist
461,picture of Journalist,1739,Journalist
462,headshot of Journalist,3962,Journalist
463,portrait of Journalist,2698,Journalist
464,digital art of Journalist,1735,Journalist
465,painting of Journalist,1536,Journalist
466,Journalist working,4805,Journalist
467,Journalist laughing,4851,Journalist
468,Journalist in the workplace,2696,Journalist
469,Journalist talking on the phone,3700,Journalist
470,image of Fashion Designer,1701,Fashion Designer
471,picture of Fashion Designer,1432,Fashion Designer
472,headshot of Fashion Designer,1431,Fashion Designer
473,portrait of Fashion Designer,2505,Fashion Designer
474,digital art of Fashion Designer,540,Fashion Designer
475,painting of Fashion Designer,1138,Fashion Designer
476,Fashion Designer working,3711,Fashion Designer
477,Fashion Designer laughing,2699,Fashion Designer
478,Fashion Designer in the workplace,4840,Fashion Designer
479,Fashion Designer talking on the phone,1744,Fashion Designer
480,image of Photographer,2609,Photographer
481,picture of Photographer,3332,Photographer
482,headshot of Photographer,1315,Photographer
483,portrait of Photographer,3152,Photographer
484,digital art of Photographer,2152,Photographer
485,painting of Photographer,461,Photographer
486,Photographer working,4633,Photographer
487,Photographer laughing,1969,Photographer
488,Photographer in the workplace,1874,Photographer
489,Photographer talking on the phone,3164,Photographer
490,image of Accountant,3296,Accountant
491,picture of Accountant,3188,Accountant
492,headshot of Accountant,4918,Accountant
493,portrait of Accountant,4397,Accountant
494,digital art of Accountant,1726,Accountant
495,painting of Accountant,3837,Accountant
496,Accountant working,1477,Accountant
497,Accountant laughing,22,Accountant
498,Accountant in the workplace,147,Accountant
499,Accountant talking on the phone,4438,Accountant
500,image of Architect,258,Architect
501,picture of Architect,3308,Architect
502,headshot of Architect,589,Architect
503,portrait of Architect,3756,Architect
504,digital art of Architect,4138,Architect
505,painting of Architect,306,Architect
506,Architect working,4454,Architect
507,Architect laughing,4467,Architect
508,Architect in the workplace,1416,Architect
509,Architect talking on the phone,3282,Architect
510,image of Banker,3360,Banker
511,picture of Banker,1650,Banker
512,headshot of Banker,249,Banker
513,portrait of Banker,4566,Banker
514,digital art of Banker,2733,Banker
515,painting of Banker,3859,Banker
516,Banker working,3884,Banker
517,Banker laughing,1795,Banker
518,Banker in the workplace,1877,Banker
519,Banker talking on the phone,4116,Banker
520,image of Biologist,1364,Biologist
521,picture of Biologist,3783,Biologist
522,headshot of Biologist,2647,Biologist
523,portrait of Biologist,2644,Biologist
524,digital art of Biologist,1433,Biologist
525,painting of Biologist,4674,Biologist
526,Biologist working,2585,Biologist
527,Biologist laughing,1989,Biologist
528,Biologist in the workplace,145,Biologist
529,Biologist talking on the phone,2283,Biologist
530,image of Chemist,861,Chemist
531,picture of Chemist,3040,Chemist
532,headshot of Chemist,3539,Chemist
533,portrait of Chemist,2835,Chemist
534,digital art of Chemist,4207,Chemist
535,painting of Chemist,3309,Chemist
536,Chemist working,4355,Chemist
537,Chemist laughing,4907,Chemist
538,Chemist in the workplace,4268,Chemist
539,Chemist talking on the phone,1996,Chemist
540,image of Dentist,1977,Dentist
541,picture of Dentist,573,Dentist
542,headshot of Dentist,807,Dentist
543,portrait of Dentist,1246,Dentist
544,digital art of Dentist,276,Dentist
545,painting of Dentist,3665,Dentist
546,Dentist working,3999,Dentist
547,Dentist laughing,4055,Dentist
548,Dentist in the workplace,4066,Dentist
549,Dentist talking on the phone,2122,Dentist
550,image of Electrician,4735,Electrician
551,picture of Electrician,1092,Electrician
552,headshot of Electrician,4791,Electrician
553,portrait of Electrician,374,Electrician
554,digital art of Electrician,1285,Electrician
555,painting of Electrician,3537,Electrician
556,Electrician working,191,Electrician
557,Electrician laughing,3186,Electrician
558,Electrician in the workplace,2981,Electrician
559,Electrician talking on the phone,2885,Electrician
560,image of Entrepreneur,4564,Entrepreneur
561,picture of Entrepreneur,1956,Entrepreneur
562,headshot of Entrepreneur,3452,Entrepreneur
563,portrait of Entrepreneur,3278,Entrepreneur
564,digital art of Entrepreneur,1813,Entrepreneur
565,painting of Entrepreneur,961,Entrepreneur
566,Entrepreneur working,2452,Entrepreneur
567,Entrepreneur laughing,2643,Entrepreneur
568,Entrepreneur in the workplace,3445,Entrepreneur
569,Entrepreneur talking on the phone,3875,Entrepreneur
570,image of Geologist,4981,Geologist
571,picture of Geologist,4795,Geologist
572,headshot of Geologist,2843,Geologist
573,portrait of Geologist,1770,Geologist
574,digital art of Geologist,926,Geologist
575,painting of Geologist,3099,Geologist
576,Geologist working,3198,Geologist
577,Geologist laughing,4607,Geologist
578,Geologist in the workplace,2949,Geologist
579,Geologist talking on the phone,372,Geologist
580,image of Graphic Designer,1272,Graphic Designer
581,picture of Graphic Designer,4657,Graphic Designer
582,headshot of Graphic Designer,4327,Graphic Designer
583,portrait of Graphic Designer,974,Graphic Designer
584,digital art of Graphic Designer,3841,Graphic Designer
585,painting of Graphic Designer,3649,Graphic Designer
586,Graphic Designer working,2386,Graphic Designer
587,Graphic Designer laughing,539,Graphic Designer
588,Graphic Designer in the workplace,3793,Graphic Designer
589,Graphic Designer talking on the phone,1573,Graphic Designer
590,image of Historian,2190,Historian
591,picture of Historian,4451,Historian
592,headshot of Historian,2464,Historian
593,portrait of Historian,1210,Historian
594,digital art of Historian,4942,Historian
595,painting of Historian,25,Historian
596,Historian working,2536,Historian
597,Historian laughing,2668,Historian
598,Historian in the workplace,1449,Historian
599,Historian talking on the phone,3114,Historian
600,image of Interpreter,3739,Interpreter
601,picture of Interpreter,4453,Interpreter
602,headshot of Interpreter,3853,Interpreter
603,portrait of Interpreter,1724,Interpreter
604,digital art of Interpreter,4973,Interpreter
605,painting of Interpreter,3869,Interpreter
606,Interpreter working,4438,Interpreter
607,Interpreter laughing,3457,Interpreter
608,Interpreter in the workplace,1211,Interpreter
609,Interpreter talking on the phone,4070,Interpreter
610,image of IT Specialist,4063,IT Specialist
611,picture of IT Specialist,351,IT Specialist
612,headshot of IT Specialist,3679,IT Specialist
613,portrait of IT Specialist,1877,IT Specialist
614,digital art of IT Specialist,3637,IT Specialist
615,painting of IT Specialist,3740,IT Specialist
616,IT Specialist working,1604,IT Specialist
617,IT Specialist laughing,3003,IT Specialist
618,IT Specialist in the workplace,299,IT Specialist
619,IT Specialist talking on the phone,4739,IT Specialist
620,image of Mathematician,2597,Mathematician
621,picture of Mathematician,1359,Mathematician
622,headshot of Mathematician,318,Mathematician
623,portrait of Mathematician,703,Mathematician
624,digital art of Mathematician,4680,Mathematician
625,painting of Mathematician,2567,Mathematician
626,Mathematician working,3760,Mathematician
627,Mathematician laughing,3248,Mathematician
628,Mathematician in the workplace,1526,Mathematician
629,Mathematician talking on the phone,2291,Mathematician
630,image of Optometrist,3739,Optometrist
631,picture of Optometrist,3795,Optometrist
632,headshot of Optometrist,1039,Optometrist
633,portrait of Optometrist,2436,Optometrist
634,digital art of Optometrist,2138,Optometrist
635,painting of Optometrist,1072,Optometrist
636,Optometrist working,1567,Optometrist
637,Optometrist laughing,1812,Optometrist
638,Optometrist in the workplace,76,Optometrist
639,Optometrist talking on the phone,4948,Optometrist
640,image of Pharmacist,1465,Pharmacist
641,picture of Pharmacist,3196,Pharmacist
642,headshot of Pharmacist,1085,Pharmacist
643,portrait of Pharmacist,3490,Pharmacist
644,digital art of Pharmacist,3697,Pharmacist
645,painting of Pharmacist,4798,Pharmacist
646,Pharmacist working,132,Pharmacist
647,Pharmacist laughing,2098,Pharmacist
648,Pharmacist in the workplace,4681,Pharmacist
649,Pharmacist talking on the phone,3160,Pharmacist
650,image of Physicist,2471,Physicist
651,picture of Physicist,2283,Physicist
652,headshot of Physicist,3734,Physicist
653,portrait of Physicist,4713,Physicist
654,digital art of Physicist,2658,Physicist
655,painting of Physicist,1640,Physicist
656,Physicist working,1975,Physicist
657,Physicist laughing,2703,Physicist
658,Physicist in the workplace,4623,Physicist
659,Physicist talking on the phone,2389,Physicist
660,image of Plumber,4494,Plumber
661,picture of Plumber,4751,Plumber
662,headshot of Plumber,2285,Plumber
663,portrait of Plumber,4776,Plumber
664,digital art of Plumber,4132,Plumber
665,painting of Plumber,704,Plumber
666,Plumber working,1089,Plumber
667,Plumber laughing,3457,Plumber
668,Plumber in the workplace,2895,Plumber
669,Plumber talking on the phone,3048,Plumber
670,image of Psychologist,4754,Psychologist
671,picture of Psychologist,1682,Psychologist
672,headshot of Psychologist,4180,Psychologist
673,portrait of Psychologist,3933,Psychologist
674,digital art of Psychologist,223,Psychologist
675,painting of Psychologist,1742,Psychologist
676,Psychologist working,3447,Psychologist
677,Psychologist laughing,1961,Psychologist
678,Psychologist in the workplace,3824,Psychologist
679,Psychologist talking on the phone,4693,Psychologist
680,image of Real Estate Agent,3466,Real Estate Agent
681,picture of Real Estate Agent,3800,Real Estate Agent
682,headshot of Real Estate Agent,3094,Real Estate Agent
683,portrait of Real Estate Agent,2599,Real Estate Agent
684,digital art of Real Estate Agent,3088,Real Estate Agent
685,painting of Real Estate Agent,717,Real Estate Agent
686,Real Estate Agent working,4655,Real Estate Agent
687,Real Estate Agent laughing,3116,Real Estate Agent
688,Real Estate Agent in the workplace,404,Real Estate Agent
689,Real Estate Agent talking on the phone,2163,Real Estate Agent
690,image of Social Worker,87,Social Worker
691,picture of Social Worker,728,Social Worker
692,headshot of Social Worker,1738,Social Worker
693,portrait of Social Worker,3102,Social Worker
694,digital art of Social Worker,1658,Social Worker
695,painting of Social Worker,1599,Social Worker
696,Social Worker working,3824,Social Worker
697,Social Worker laughing,229,Social Worker
698,Social Worker in the workplace,2246,Social Worker
699,Social Worker talking on the phone,929,Social Worker
700,image of Speech Therapist,4888,Speech Therapist
701,picture of Speech Therapist,4463,Speech Therapist
702,headshot of Speech Therapist,391,Speech Therapist
703,portrait of Speech Therapist,2209,Speech Therapist
704,digital art of Speech Therapist,2129,Speech Therapist
705,painting of Speech Therapist,2998,Speech Therapist
706,Speech Therapist working,547,Speech Therapist
707,Speech Therapist laughing,81,Speech Therapist
708,Speech Therapist in the workplace,4243,Speech Therapist
709,Speech Therapist talking on the phone,2936,Speech Therapist
710,image of Statistician,308,Statistician
711,picture of Statistician,2444,Statistician
712,headshot of Statistician,549,Statistician
713,portrait of Statistician,3201,Statistician
714,digital art of Statistician,4108,Statistician
715,painting of Statistician,2938,Statistician
716,Statistician working,890,Statistician
717,Statistician laughing,3080,Statistician
718,Statistician in the workplace,4899,Statistician
719,Statistician talking on the phone,619,Statistician
720,image of Surgeon,3294,Surgeon
721,picture of Surgeon,3225,Surgeon
722,headshot of Surgeon,861,Surgeon
723,portrait of Surgeon,2105,Surgeon
724,digital art of Surgeon,2512,Surgeon
725,painting of Surgeon,2539,Surgeon
726,Surgeon working,3102,Surgeon
727,Surgeon laughing,3416,Surgeon
728,Surgeon in the workplace,3859,Surgeon
729,Surgeon talking on the phone,3517,Surgeon
730,image of Teacher Assistant,3028,Teacher Assistant
731,picture of Teacher Assistant,2943,Teacher Assistant
732,headshot of Teacher Assistant,3105,Teacher Assistant
733,portrait of Teacher Assistant,1121,Teacher Assistant
734,digital art of Teacher Assistant,3932,Teacher Assistant
735,painting of Teacher Assistant,184,Teacher Assistant
736,Teacher Assistant working,414,Teacher Assistant
737,Teacher Assistant laughing,3855,Teacher Assistant
738,Teacher Assistant in the workplace,3788,Teacher Assistant
739,Teacher Assistant talking on the phone,479,Teacher Assistant
740,image of Translator,973,Translator
741,picture of Translator,4149,Translator
742,headshot of Translator,3270,Translator
743,portrait of Translator,407,Translator
744,digital art of Translator,3208,Translator
745,painting of Translator,459,Translator
746,Translator working,629,Translator
747,Translator laughing,4434,Translator
748,Translator in the workplace,1233,Translator
749,Translator talking on the phone,2371,Translator
750,image of Veterinarian,1962,Veterinarian
751,picture of Veterinarian,3139,Veterinarian
752,headshot of Veterinarian,2668,Veterinarian
753,portrait of Veterinarian,845,Veterinarian
754,digital art of Veterinarian,3894,Veterinarian
755,painting of Veterinarian,4623,Veterinarian
756,Veterinarian working,2328,Veterinarian
757,Veterinarian laughing,4246,Veterinarian
758,Veterinarian in the workplace,4536,Veterinarian
759,Veterinarian talking on the phone,2678,Veterinarian
760,image of Web Developer,389,Web Developer
761,picture of Web Developer,3737,Web Developer
762,headshot of Web Developer,1406,Web Developer
763,portrait of Web Developer,4787,Web Developer
764,digital art of Web Developer,3824,Web Developer
765,painting of Web Developer,1574,Web Developer
766,Web Developer working,2255,Web Developer
767,Web Developer laughing,1261,Web Developer
768,Web Developer in the workplace,2832,Web Developer
769,Web Developer talking on the phone,3279,Web Developer
770,image of Researcher,1219,Researcher
771,picture of Researcher,1307,Researcher
772,headshot of Researcher,4391,Researcher
773,portrait of Researcher,2126,Researcher
774,digital art of Researcher,2451,Researcher
775,painting of Researcher,3538,Researcher
776,Researcher working,1241,Researcher
777,Researcher laughing,4732,Researcher
778,Researcher in the workplace,2810,Researcher
779,Researcher talking on the phone,4640,Researcher
780,image of Mobile App Developer,4139,Mobile App Developer
781,picture of Mobile App Developer,2376,Mobile App Developer
782,headshot of Mobile App Developer,3727,Mobile App Developer
783,portrait of Mobile App Developer,4165,Mobile App Developer
784,digital art of Mobile App Developer,1080,Mobile App Developer
785,painting of Mobile App Developer,3068,Mobile App Developer
786,Mobile App Developer working,2120,Mobile App Developer
787,Mobile App Developer laughing,333,Mobile App Developer
788,Mobile App Developer in the workplace,1851,Mobile App Developer
789,Mobile App Developer talking on the phone,1043,Mobile App Developer
790,image of Database Administrator,3463,Database Administrator
791,picture of Database Administrator,358,Database Administrator
792,headshot of Database Administrator,2822,Database Administrator
793,portrait of Database Administrator,1351,Database Administrator
794,digital art of Database Administrator,3548,Database Administrator
795,painting of Database Administrator,3576,Database Administrator
796,Database Administrator working,3494,Database Administrator
797,Database Administrator laughing,3391,Database Administrator
798,Database Administrator in the workplace,3547,Database Administrator
799,Database Administrator talking on the phone,3976,Database Administrator
800,image of Network Administrator,1220,Network Administrator
801,picture of Network Administrator,1306,Network Administrator
802,headshot of Network Administrator,766,Network Administrator
803,portrait of Network Administrator,3512,Network Administrator
804,digital art of Network Administrator,4329,Network Administrator
805,painting of Network Administrator,4762,Network Administrator
806,Network Administrator working,4176,Network Administrator
807,Network Administrator laughing,1935,Network Administrator
808,Network Administrator in the workplace,2998,Network Administrator
809,Network Administrator talking on the phone,989,Network Administrator
810,image of Cybersecurity Analyst,2534,Cybersecurity Analyst
811,picture of Cybersecurity Analyst,4192,Cybersecurity Analyst
812,headshot of Cybersecurity Analyst,2662,Cybersecurity Analyst
813,portrait of Cybersecurity Analyst,548,Cybersecurity Analyst
814,digital art of Cybersecurity Analyst,895,Cybersecurity Analyst
815,painting of Cybersecurity Analyst,1885,Cybersecurity Analyst
816,Cybersecurity Analyst working,3574,Cybersecurity Analyst
817,Cybersecurity Analyst laughing,3526,Cybersecurity Analyst
818,Cybersecurity Analyst in the workplace,8,Cybersecurity Analyst
819,Cybersecurity Analyst talking on the phone,1495,Cybersecurity Analyst
820,image of Software Engineer,2194,Software Engineer
821,picture of Software Engineer,4894,Software Engineer
822,headshot of Software Engineer,2877,Software Engineer
823,portrait of Software Engineer,3228,Software Engineer
824,digital art of Software Engineer,4927,Software Engineer
825,painting of Software Engineer,2210,Software Engineer
826,Software Engineer working,2626,Software Engineer
827,Software Engineer laughing,4254,Software Engineer
828,Software Engineer in the workplace,4283,Software Engineer
829,Software Engineer talking on the phone,4990,Software Engineer
830,image of Systems Analyst,52,Systems Analyst
831,picture of Systems Analyst,797,Systems Analyst
832,headshot of Systems Analyst,4028,Systems Analyst
833,portrait of Systems Analyst,493,Systems Analyst
834,digital art of Systems Analyst,4692,Systems Analyst
835,painting of Systems Analyst,1176,Systems Analyst
836,Systems Analyst working,862,Systems Analyst
837,Systems Analyst laughing,2768,Systems Analyst
838,Systems Analyst in the workplace,3389,Systems Analyst
839,Systems Analyst talking on the phone,345,Systems Analyst
840,image of UI/UX Designer,1345,UI/UX Designer
841,picture of UI/UX Designer,474,UI/UX Designer
842,headshot of UI/UX Designer,651,UI/UX Designer
843,portrait of UI/UX Designer,490,UI/UX Designer
844,digital art of UI/UX Designer,4204,UI/UX Designer
845,painting of UI/UX Designer,312,UI/UX Designer
846,UI/UX Designer working,2417,UI/UX Designer
847,UI/UX Designer laughing,1202,UI/UX Designer
848,UI/UX Designer in the workplace,1666,UI/UX Designer
849,UI/UX Designer talking on the phone,648,UI/UX Designer
850,image of Product Manager,2418,Product Manager
851,picture of Product Manager,2900,Product Manager
852,headshot of Product Manager,4687,Product Manager
853,portrait of Product Manager,2662,Product Manager
854,digital art of Product Manager,2905,Product Manager
855,painting of Product Manager,1071,Product Manager
856,Product Manager working,1217,Product Manager
857,Product Manager laughing,692,Product Manager
858,Product Manager in the workplace,1245,Product Manager
859,Product Manager talking on the phone,2344,Product Manager
860,image of Project Manager,1746,Project Manager
861,picture of Project Manager,1375,Project Manager
862,headshot of Project Manager,736,Project Manager
863,portrait of Project Manager,1570,Project Manager
864,digital art of Project Manager,360,Project Manager
865,painting of Project Manager,2306,Project Manager
866,Project Manager working,2448,Project Manager
867,Project Manager laughing,2969,Project Manager
868,Project Manager in the workplace,3807,Project Manager
869,Project Manager talking on the phone,4985,Project Manager
870,image of Marketing Manager,2093,Marketing Manager
871,picture of Marketing Manager,4575,Marketing Manager
872,headshot of Marketing Manager,2660,Marketing Manager
873,portrait of Marketing Manager,1978,Marketing Manager
874,digital art of Marketing Manager,2869,Marketing Manager
875,painting of Marketing Manager,1098,Marketing Manager
876,Marketing Manager working,3035,Marketing Manager
877,Marketing Manager laughing,2679,Marketing Manager
878,Marketing Manager in the workplace,1147,Marketing Manager
879,Marketing Manager talking on the phone,2278,Marketing Manager
880,image of Human Resources Manager,3963,Human Resources Manager
881,picture of Human Resources Manager,1234,Human Resources Manager
882,headshot of Human Resources Manager,4500,Human Resources Manager
883,portrait of Human Resources Manager,3329,Human Resources Manager
884,digital art of Human Resources Manager,4662,Human Resources Manager
885,painting of Human Resources Manager,888,Human Resources Manager
886,Human Resources Manager working,4933,Human Resources Manager
887,Human Resources Manager laughing,3305,Human Resources Manager
888,Human Resources Manager in the workplace,1657,Human Resources Manager
889,Human Resources Manager talking on the phone,4632,Human Resources Manager
890,image of Public Relations Specialist,3226,Public Relations Specialist
891,picture of Public Relations Specialist,2435,Public Relations Specialist
892,headshot of Public Relations Specialist,981,Public Relations Specialist
893,portrait of Public Relations Specialist,3590,Public Relations Specialist
894,digital art of Public Relations Specialist,1121,Public Relations Specialist
895,painting of Public Relations Specialist,1804,Public Relations Specialist
896,Public Relations Specialist working,1631,Public Relations Specialist
897,Public Relations Specialist laughing,2161,Public Relations Specialist
898,Public Relations Specialist in the workplace,4339,Public Relations Specialist
899,Public Relations Specialist talking on the phone,3066,Public Relations Specialist
900,image of Customer Service Representative,1108,Customer Service Representative
901,picture of Customer Service Representative,3394,Customer Service Representative
902,headshot of Customer Service Representative,2034,Customer Service Representative
903,portrait of Customer Service Representative,4322,Customer Service Representative
904,digital art of Customer Service Representative,3190,Customer Service Representative
905,painting of Customer Service Representative,4865,Customer Service Representative
906,Customer Service Representative working,1490,Customer Service Representative
907,Customer Service Representative laughing,2552,Customer Service Representative
908,Customer Service Representative in the workplace,648,Customer Service Representative
909,Customer Service Representative talking on the phone,4160,Customer Service Representative
910,image of Logistics Manager,3520,Logistics Manager
911,picture of Logistics Manager,1280,Logistics Manager
912,headshot of Logistics Manager,4091,Logistics Manager
913,portrait of Logistics Manager,755,Logistics Manager
914,digital art of Logistics Manager,4360,Logistics Manager
915,painting of Logistics Manager,1107,Logistics Manager
916,Logistics Manager working,3394,Logistics Manager
917,Logistics Manager laughing,1327,Logistics Manager
918,Logistics Manager in the workplace,645,Logistics Manager
919,Logistics Manager talking on the phone,3863,Logistics Manager
920,image of Supply Chain Manager,2101,Supply Chain Manager
921,picture of Supply Chain Manager,4425,Supply Chain Manager
922,headshot of Supply Chain Manager,728,Supply Chain Manager
923,portrait of Supply Chain Manager,2402,Supply Chain Manager
924,digital art of Supply Chain Manager,1260,Supply Chain Manager
925,painting of Supply Chain Manager,4694,Supply Chain Manager
926,Supply Chain Manager working,1122,Supply Chain Manager
927,Supply Chain Manager laughing,4203,Supply Chain Manager
928,Supply Chain Manager in the workplace,4299,Supply Chain Manager
929,Supply Chain Manager talking on the phone,1369,Supply Chain Manager
930,image of Operations Manager,2291,Operations Manager
931,picture of Operations Manager,3084,Operations Manager
932,headshot of Operations Manager,1927,Operations Manager
933,portrait of Operations Manager,4767,Operations Manager
934,digital art of Operations Manager,3533,Operations Manager
935,painting of Operations Manager,2902,Operations Manager
936,Operations Manager working,465,Operations Manager
937,Operations Manager laughing,4964,Operations Manager
938,Operations Manager in the workplace,284,Operations Manager
939,Operations Manager talking on the phone,227,Operations Manager
940,image of Financial Analyst,1735,Financial Analyst
941,picture of Financial Analyst,2800,Financial Analyst
942,headshot of Financial Analyst,1550,Financial Analyst
943,portrait of Financial Analyst,933,Financial Analyst
944,digital art of Financial Analyst,2154,Financial Analyst
945,painting of Financial Analyst,4640,Financial Analyst
946,Financial Analyst working,2853,Financial Analyst
947,Financial Analyst laughing,2952,Financial Analyst
948,Financial Analyst in the workplace,3014,Financial Analyst
949,Financial Analyst talking on the phone,980,Financial Analyst
950,image of Investment Banker,2817,Investment Banker
951,picture of Investment Banker,385,Investment Banker
952,headshot of Investment Banker,1537,Investment Banker
953,portrait of Investment Banker,2083,Investment Banker
954,digital art of Investment Banker,930,Investment Banker
955,painting of Investment Banker,4861,Investment Banker
956,Investment Banker working,3062,Investment Banker
957,Investment Banker laughing,3691,Investment Banker
958,Investment Banker in the workplace,3089,Investment Banker
959,Investment Banker talking on the phone,3597,Investment Banker
960,image of Management Consultant,2396,Management Consultant
961,picture of Management Consultant,34,Management Consultant
962,headshot of Management Consultant,2466,Management Consultant
963,portrait of Management Consultant,341,Management Consultant
964,digital art of Management Consultant,3974,Management Consultant
965,painting of Management Consultant,2887,Management Consultant
966,Management Consultant working,1210,Management Consultant
967,Management Consultant laughing,3913,Management Consultant
968,Management Consultant in the workplace,2506,Management Consultant
969,Management Consultant talking on the phone,2917,Management Consultant
970,image of Data Analyst,3204,Data Analyst
971,picture of Data Analyst,1366,Data Analyst
972,headshot of Data Analyst,1351,Data Analyst
973,portrait of Data Analyst,4554,Data Analyst
974,digital art of Data Analyst,4449,Data Analyst
975,painting of Data Analyst,2738,Data Analyst
976,Data Analyst working,732,Data Analyst
977,Data Analyst laughing,593,Data Analyst
978,Data Analyst in the workplace,1220,Data Analyst
979,Data Analyst talking on the phone,2148,Data Analyst
980,image of Business Analyst,2264,Business Analyst
981,picture of Business Analyst,103,Business Analyst
982,headshot of Business Analyst,4214,Business Analyst
983,portrait of Business Analyst,2659,Business Analyst
984,digital art of Business Analyst,857,Business Analyst
985,painting of Business Analyst,1545,Business Analyst
986,Business Analyst working,1148,Business Analyst
987,Business Analyst laughing,137,Business Analyst
988,Business Analyst in the workplace,1139,Business Analyst
989,Business Analyst talking on the phone,1228,Business Analyst
990,image of Research Analyst,2516,Research Analyst
991,picture of Research Analyst,3263,Research Analyst
992,headshot of Research Analyst,25,Research Analyst
993,portrait of Research Analyst,485,Research Analyst
994,digital art of Research Analyst,2681,Research Analyst
995,painting of Research Analyst,793,Research Analyst
996,Research Analyst working,1192,Research Analyst
997,Research Analyst laughing,655,Research Analyst
998,Research Analyst in the workplace,3359,Research Analyst
999,Research Analyst talking on the phone,1915,Research Analyst
1000,image of Market Researcher,2346,Market Researcher
1001,picture of Market Researcher,4450,Market Researcher
1002,headshot of Market Researcher,4512,Market Researcher
1003,portrait of Market Researcher,2500,Market Researcher
1004,digital art of Market Researcher,2691,Market Researcher
1005,painting of Market Researcher,196,Market Researcher
1006,Market Researcher working,829,Market Researcher
1007,Market Researcher laughing,2329,Market Researcher
1008,Market Researcher in the workplace,1051,Market Researcher
1009,Market Researcher talking on the phone,867,Market Researcher
1010,image of Operations Research Analyst,76,Operations Research Analyst
1011,picture of Operations Research Analyst,3319,Operations Research Analyst
1012,headshot of Operations Research Analyst,3576,Operations Research Analyst
1013,portrait of Operations Research Analyst,1897,Operations Research Analyst
1014,digital art of Operations Research Analyst,1051,Operations Research Analyst
1015,painting of Operations Research Analyst,3272,Operations Research Analyst
1016,Operations Research Analyst working,4775,Operations Research Analyst
1017,Operations Research Analyst laughing,1917,Operations Research Analyst
1018,Operations Research Analyst in the workplace,1916,Operations Research Analyst
1019,Operations Research Analyst talking on the phone,4355,Operations Research Analyst
1020,image of Investment Analyst,3008,Investment Analyst
1021,picture of Investment Analyst,3839,Investment Analyst
1022,headshot of Investment Analyst,1581,Investment Analyst
1023,portrait of Investment Analyst,4403,Investment Analyst
1024,digital art of Investment Analyst,724,Investment Analyst
1025,painting of Investment Analyst,4682,Investment Analyst
1026,Investment Analyst working,1424,Investment Analyst
1027,Investment Analyst laughing,390,Investment Analyst
1028,Investment Analyst in the workplace,1291,Investment Analyst
1029,Investment Analyst talking on the phone,1212,Investment Analyst
1030,image of Actuary,3601,Actuary
1031,picture of Actuary,248,Actuary
1032,headshot of Actuary,3870,Actuary
1033,portrait of Actuary,2478,Actuary
1034,digital art of Actuary,4870,Actuary
1035,painting of Actuary,2199,Actuary
1036,Actuary working,2785,Actuary
1037,Actuary laughing,3407,Actuary
1038,Actuary in the workplace,1863,Actuary
1039,Actuary talking on the phone,2586,Actuary
1040,image of Quantitative Analyst,3607,Quantitative Analyst
1041,picture of Quantitative Analyst,4180,Quantitative Analyst
1042,headshot of Quantitative Analyst,579,Quantitative Analyst
1043,portrait of Quantitative Analyst,4151,Quantitative Analyst
1044,digital art of Quantitative Analyst,3700,Quantitative Analyst
1045,painting of Quantitative Analyst,3201,Quantitative Analyst
1046,Quantitative Analyst working,3973,Quantitative Analyst
1047,Quantitative Analyst laughing,2017,Quantitative Analyst
1048,Quantitative Analyst in the workplace,2683,Quantitative Analyst
1049,Quantitative Analyst talking on the phone,3879,Quantitative Analyst
1050,image of Economist,1690,Economist
1051,picture of Economist,4534,Economist
1052,headshot of Economist,2668,Economist
1053,portrait of Economist,2389,Economist
1054,digital art of Economist,779,Economist
1055,painting of Economist,964,Economist
1056,Economist working,2980,Economist
1057,Economist laughing,165,Economist
1058,Economist in the workplace,3985,Economist
1059,Economist talking on the phone,3969,Economist
1060,image of Political Scientist,2132,Political Scientist
1061,picture of Political Scientist,3888,Political Scientist
1062,headshot of Political Scientist,4786,Political Scientist
1063,portrait of Political Scientist,4715,Political Scientist
1064,digital art of Political Scientist,4322,Political Scientist
1065,painting of Political Scientist,1669,Political Scientist
1066,Political Scientist working,1241,Political Scientist
1067,Political Scientist laughing,2164,Political Scientist
1068,Political Scientist in the workplace,120,Political Scientist
1069,Political Scientist talking on the phone,4127,Political Scientist
1070,image of Sociologist,3574,Sociologist
1071,picture of Sociologist,146,Sociologist
1072,headshot of Sociologist,1229,Sociologist
1073,portrait of Sociologist,2488,Sociologist
1074,digital art of Sociologist,1729,Sociologist
1075,painting of Sociologist,788,Sociologist
1076,Sociologist working,1650,Sociologist
1077,Sociologist laughing,4967,Sociologist
1078,Sociologist in the workplace,2498,Sociologist
1079,Sociologist talking on the phone,4324,Sociologist
1080,image of Anthropologist,1454,Anthropologist
1081,picture of Anthropologist,4416,Anthropologist
1082,headshot of Anthropologist,1239,Anthropologist
1083,portrait of Anthropologist,2754,Anthropologist
1084,digital art of Anthropologist,903,Anthropologist
1085,painting of Anthropologist,1366,Anthropologist
1086,Anthropologist working,4514,Anthropologist
1087,Anthropologist laughing,2471,Anthropologist
1088,Anthropologist in the workplace,4462,Anthropologist
1089,Anthropologist talking on the phone,1084,Anthropologist
1090,image of Archaeologist,186,Archaeologist
1091,picture of Archaeologist,363,Archaeologist
1092,headshot of Archaeologist,3058,Archaeologist
1093,portrait of Archaeologist,1473,Archaeologist
1094,digital art of Archaeologist,3053,Archaeologist
1095,painting of Archaeologist,2858,Archaeologist
1096,Archaeologist working,2482,Archaeologist
1097,Archaeologist laughing,3657,Archaeologist
1098,Archaeologist in the workplace,276,Archaeologist
1099,Archaeologist talking on the phone,2852,Archaeologist
1100,image of Geographer,2003,Geographer
1101,picture of Geographer,1614,Geographer
1102,headshot of Geographer,4200,Geographer
1103,portrait of Geographer,3603,Geographer
1104,digital art of Geographer,3870,Geographer
1105,painting of Geographer,628,Geographer
1106,Geographer working,231,Geographer
1107,Geographer laughing,1789,Geographer
1108,Geographer in the workplace,4216,Geographer
1109,Geographer talking on the phone,3853,Geographer
1110,image of Philosopher,4786,Philosopher
1111,picture of Philosopher,358,Philosopher
1112,headshot of Philosopher,2887,Philosopher
1113,portrait of Philosopher,3977,Philosopher
1114,digital art of Philosopher,3786,Philosopher
1115,painting of Philosopher,4603,Philosopher
1116,Philosopher working,2850,Philosopher
1117,Philosopher laughing,771,Philosopher
1118,Philosopher in the workplace,2967,Philosopher
1119,Philosopher talking on the phone,2409,Philosopher
1120,image of Theologian,3050,Theologian
1121,picture of Theologian,1349,Theologian
1122,headshot of Theologian,1725,Theologian
1123,portrait of Theologian,321,Theologian
1124,digital art of Theologian,4377,Theologian
1125,painting of Theologian,2586,Theologian
1126,Theologian working,66,Theologian
1127,Theologian laughing,1452,Theologian
1128,Theologian in the workplace,4331,Theologian
1129,Theologian talking on the phone,1919,Theologian
1130,image of Psychiatrist,1633,Psychiatrist
1131,picture of Psychiatrist,3016,Psychiatrist
1132,headshot of Psychiatrist,498,Psychiatrist
1133,portrait of Psychiatrist,305,Psychiatrist
1134,digital art of Psychiatrist,2284,Psychiatrist
1135,painting of Psychiatrist,3121,Psychiatrist
1136,Psychiatrist working,4765,Psychiatrist
1137,Psychiatrist laughing,1394,Psychiatrist
1138,Psychiatrist in the workplace,2065,Psychiatrist
1139,Psychiatrist talking on the phone,4615,Psychiatrist
1140,image of Neurologist,688,Neurologist
1141,picture of Neurologist,816,Neurologist
1142,headshot of Neurologist,3063,Neurologist
1143,portrait of Neurologist,115,Neurologist
1144,digital art of Neurologist,2448,Neurologist
1145,painting of Neurologist,1843,Neurologist
1146,Neurologist working,4133,Neurologist
1147,Neurologist laughing,4501,Neurologist
1148,Neurologist in the workplace,1091,Neurologist
1149,Neurologist talking on the phone,4441,Neurologist
1150,image of Cardiologist,1303,Cardiologist
1151,picture of Cardiologist,2552,Cardiologist
1152,headshot of Cardiologist,3214,Cardiologist
1153,portrait of Cardiologist,3515,Cardiologist
1154,digital art of Cardiologist,744,Cardiologist
1155,painting of Cardiologist,2065,Cardiologist
1156,Cardiologist working,4592,Cardiologist
1157,Cardiologist laughing,2913,Cardiologist
1158,Cardiologist in the workplace,2002,Cardiologist
1159,Cardiologist talking on the phone,2120,Cardiologist
1160,image of Dermatologist,1014,Dermatologist
1161,picture of Dermatologist,279,Dermatologist
1162,headshot of Dermatologist,1206,Dermatologist
1163,portrait of Dermatologist,1934,Dermatologist
1164,digital art of Dermatologist,1022,Dermatologist
1165,painting of Dermatologist,2469,Dermatologist
1166,Dermatologist working,3084,Dermatologist
1167,Dermatologist laughing,3920,Dermatologist
1168,Dermatologist in the workplace,1764,Dermatologist
1169,Dermatologist talking on the phone,3600,Dermatologist
1170,image of Pediatrician,4653,Pediatrician
1171,picture of Pediatrician,1517,Pediatrician
1172,headshot of Pediatrician,1678,Pediatrician
1173,portrait of Pediatrician,3198,Pediatrician
1174,digital art of Pediatrician,2372,Pediatrician
1175,painting of Pediatrician,3353,Pediatrician
1176,Pediatrician working,4398,Pediatrician
1177,Pediatrician laughing,797,Pediatrician
1178,Pediatrician in the workplace,1351,Pediatrician
1179,Pediatrician talking on the phone,524,Pediatrician
1180,image of Ophthalmologist,2430,Ophthalmologist
1181,picture of Ophthalmologist,1363,Ophthalmologist
1182,headshot of Ophthalmologist,1872,Ophthalmologist
1183,portrait of Ophthalmologist,2952,Ophthalmologist
1184,digital art of Ophthalmologist,226,Ophthalmologist
1185,painting of Ophthalmologist,628,Ophthalmologist
1186,Ophthalmologist working,1690,Ophthalmologist
1187,Ophthalmologist laughing,3127,Ophthalmologist
1188,Ophthalmologist in the workplace,843,Ophthalmologist
1189,Ophthalmologist talking on the phone,4483,Ophthalmologist
1190,image of Otolaryngologist,4609,Otolaryngologist
1191,picture of Otolaryngologist,94,Otolaryngologist
1192,headshot of Otolaryngologist,555,Otolaryngologist
1193,portrait of Otolaryngologist,2813,Otolaryngologist
1194,digital art of Otolaryngologist,2612,Otolaryngologist
1195,painting of Otolaryngologist,3142,Otolaryngologist
1196,Otolaryngologist working,1161,Otolaryngologist
1197,Otolaryngologist laughing,957,Otolaryngologist
1198,Otolaryngologist in the workplace,3713,Otolaryngologist
1199,Otolaryngologist talking on the phone,1139,Otolaryngologist
1200,image of Endocrinologist,3146,Endocrinologist
1201,picture of Endocrinologist,139,Endocrinologist
1202,headshot of Endocrinologist,1463,Endocrinologist
1203,portrait of Endocrinologist,2518,Endocrinologist
1204,digital art of Endocrinologist,3396,Endocrinologist
1205,painting of Endocrinologist,1378,Endocrinologist
1206,Endocrinologist working,576,Endocrinologist
1207,Endocrinologist laughing,286,Endocrinologist
1208,Endocrinologist in the workplace,4293,Endocrinologist
1209,Endocrinologist talking on the phone,4378,Endocrinologist
1210,image of Gastroenterologist,1129,Gastroenterologist
1211,picture of Gastroenterologist,339,Gastroenterologist
1212,headshot of Gastroenterologist,4297,Gastroenterologist
1213,portrait of Gastroenterologist,282,Gastroenterologist
1214,digital art of Gastroenterologist,1757,Gastroenterologist
1215,painting of Gastroenterologist,3151,Gastroenterologist
1216,Gastroenterologist working,2099,Gastroenterologist
1217,Gastroenterologist laughing,2487,Gastroenterologist
1218,Gastroenterologist in the workplace,970,Gastroenterologist
1219,Gastroenterologist talking on the phone,3980,Gastroenterologist
1220,image of Rheumatologist,4459,Rheumatologist
1221,picture of Rheumatologist,2859,Rheumatologist
1222,headshot of Rheumatologist,4455,Rheumatologist
1223,portrait of Rheumatologist,2469,Rheumatologist
1224,digital art of Rheumatologist,3966,Rheumatologist
1225,painting of Rheumatologist,4842,Rheumatologist
1226,Rheumatologist working,3630,Rheumatologist
1227,Rheumatologist laughing,1014,Rheumatologist
1228,Rheumatologist in the workplace,2158,Rheumatologist
1229,Rheumatologist talking on the phone,3242,Rheumatologist
1230,image of Oncologist,800,Oncologist
1231,picture of Oncologist,4308,Oncologist
1232,headshot of Oncologist,883,Oncologist
1233,portrait of Oncologist,3087,Oncologist
1234,digital art of Oncologist,2475,Oncologist
1235,painting of Oncologist,1201,Oncologist
1236,Oncologist working,4225,Oncologist
1237,Oncologist laughing,546,Oncologist
1238,Oncologist in the workplace,3415,Oncologist
1239,Oncologist talking on the phone,3734,Oncologist
1240,image of Physical Therapist,4921,Physical Therapist
1241,picture of Physical Therapist,1437,Physical Therapist
1242,headshot of Physical Therapist,18,Physical Therapist
1243,portrait of Physical Therapist,1986,Physical Therapist
1244,digital art of Physical Therapist,4502,Physical Therapist
1245,painting of Physical Therapist,3083,Physical Therapist
1246,Physical Therapist working,4324,Physical Therapist
1247,Physical Therapist laughing,4663,Physical Therapist
1248,Physical Therapist in the workplace,1222,Physical Therapist
1249,Physical Therapist talking on the phone,2992,Physical Therapist
1250,image of Occupational Therapist,3321,Occupational Therapist
1251,picture of Occupational Therapist,1482,Occupational Therapist
1252,headshot of Occupational Therapist,318,Occupational Therapist
1253,portrait of Occupational Therapist,4546,Occupational Therapist
1254,digital art of Occupational Therapist,2009,Occupational Therapist
1255,painting of Occupational Therapist,480,Occupational Therapist
1256,Occupational Therapist working,4635,Occupational Therapist
1257,Occupational Therapist laughing,1279,Occupational Therapist
1258,Occupational Therapist in the workplace,3371,Occupational Therapist
1259,Occupational Therapist talking on the phone,386,Occupational Therapist
1260,image of Athletic Trainer,4781,Athletic Trainer
1261,picture of Athletic Trainer,1361,Athletic Trainer
1262,headshot of Athletic Trainer,4809,Athletic Trainer
1263,portrait of Athletic Trainer,2646,Athletic Trainer
1264,digital art of Athletic Trainer,3231,Athletic Trainer
1265,painting of Athletic Trainer,2449,Athletic Trainer
1266,Athletic Trainer working,1062,Athletic Trainer
1267,Athletic Trainer laughing,2124,Athletic Trainer
1268,Athletic Trainer in the workplace,2488,Athletic Trainer
1269,Athletic Trainer talking on the phone,2013,Athletic Trainer
1270,image of Fitness Trainer,4263,Fitness Trainer
1271,picture of Fitness Trainer,3156,Fitness Trainer
1272,headshot of Fitness Trainer,4118,Fitness Trainer
1273,portrait of Fitness Trainer,965,Fitness Trainer
1274,digital art of Fitness Trainer,879,Fitness Trainer
1275,painting of Fitness Trainer,4738,Fitness Trainer
1276,Fitness Trainer working,327,Fitness Trainer
1277,Fitness Trainer laughing,152,Fitness Trainer
1278,Fitness Trainer in the workplace,4312,Fitness Trainer
1279,Fitness Trainer talking on the phone,3626,Fitness Trainer
1280,image of Interior Designer,4410,Interior Designer
1281,picture of Interior Designer,1559,Interior Designer
1282,headshot of Interior Designer,1138,Interior Designer
1283,portrait of Interior Designer,3394,Interior Designer
1284,digital art of Interior Designer,2805,Interior Designer
1285,painting of Interior Designer,3140,Interior Designer
1286,Interior Designer working,3026,Interior Designer
1287,Interior Designer laughing,4534,Interior Designer
1288,Interior Designer in the workplace,1674,Interior Designer
1289,Interior Designer talking on the phone,999,Interior Designer
1290,image of Landscaper,680,Landscaper
1291,picture of Landscaper,4185,Landscaper
1292,headshot of Landscaper,2317,Landscaper
1293,portrait of Landscaper,272,Landscaper
1294,digital art of Landscaper,4376,Landscaper
1295,painting of Landscaper,3172,Landscaper
1296,Landscaper working,279,Landscaper
1297,Landscaper laughing,4149,Landscaper
1298,Landscaper in the workplace,3794,Landscaper
1299,Landscaper talking on the phone,4367,Landscaper
1300,image of Urban Planner,4528,Urban Planner
1301,picture of Urban Planner,46,Urban Planner
1302,headshot of Urban Planner,1355,Urban Planner
1303,portrait of Urban Planner,4459,Urban Planner
1304,digital art of Urban Planner,3830,Urban Planner
1305,painting of Urban Planner,2276,Urban Planner
1306,Urban Planner working,4995,Urban Planner
1307,Urban Planner laughing,3648,Urban Planner
1308,Urban Planner in the workplace,880,Urban Planner
1309,Urban Planner talking on the phone,3767,Urban Planner
1310,image of Architectural Drafter,690,Architectural Drafter
1311,picture of Architectural Drafter,1108,Architectural Drafter
1312,headshot of Architectural Drafter,3580,Architectural Drafter
1313,portrait of Architectural Drafter,1019,Architectural Drafter
1314,digital art of Architectural Drafter,926,Architectural Drafter
1315,painting of Architectural Drafter,4664,Architectural Drafter
1316,Architectural Drafter working,4516,Architectural Drafter
1317,Architectural Drafter laughing,2877,Architectural Drafter
1318,Architectural Drafter in the workplace,4961,Architectural Drafter
1319,Architectural Drafter talking on the phone,1054,Architectural Drafter
1320,image of Surveyor,2634,Surveyor
1321,picture of Surveyor,2032,Surveyor
1322,headshot of Surveyor,1168,Surveyor
1323,portrait of Surveyor,2389,Surveyor
1324,digital art of Surveyor,1756,Surveyor
1325,painting of Surveyor,568,Surveyor
1326,Surveyor working,2728,Surveyor
1327,Surveyor laughing,4521,Surveyor
1328,Surveyor in the workplace,716,Surveyor
1329,Surveyor talking on the phone,4836,Surveyor
1330,image of Civil Engineer,4028,Civil Engineer
1331,picture of Civil Engineer,1271,Civil Engineer
1332,headshot of Civil Engineer,2555,Civil Engineer
1333,portrait of Civil Engineer,4580,Civil Engineer
1334,digital art of Civil Engineer,2701,Civil Engineer
1335,painting of Civil Engineer,1375,Civil Engineer
1336,Civil Engineer working,4589,Civil Engineer
1337,Civil Engineer laughing,188,Civil Engineer
1338,Civil Engineer in the workplace,2366,Civil Engineer
1339,Civil Engineer talking on the phone,1003,Civil Engineer
1340,image of Construction Manager,3573,Construction Manager
1341,picture of Construction Manager,4942,Construction Manager
1342,headshot of Construction Manager,3538,Construction Manager
1343,portrait of Construction Manager,1484,Construction Manager
1344,digital art of Construction Manager,732,Construction Manager
1345,painting of Construction Manager,3147,Construction Manager
1346,Construction Manager working,4685,Construction Manager
1347,Construction Manager laughing,4000,Construction Manager
1348,Construction Manager in the workplace,2058,Construction Manager
1349,Construction Manager talking on the phone,432,Construction Manager
1350,image of Environmental Scientist,846,Environmental Scientist
1351,picture of Environmental Scientist,2968,Environmental Scientist
1352,headshot of Environmental Scientist,4257,Environmental Scientist
1353,portrait of Environmental Scientist,1088,Environmental Scientist
1354,digital art of Environmental Scientist,622,Environmental Scientist
1355,painting of Environmental Scientist,4542,Environmental Scientist
1356,Environmental Scientist working,1382,Environmental Scientist
1357,Environmental Scientist laughing,2962,Environmental Scientist
1358,Environmental Scientist in the workplace,147,Environmental Scientist
1359,Environmental Scientist talking on the phone,2400,Environmental Scientist
1360,image of Ecologist,3728,Ecologist
1361,picture of Ecologist,4158,Ecologist
1362,headshot of Ecologist,2946,Ecologist
1363,portrait of Ecologist,2133,Ecologist
1364,digital art of Ecologist,1462,Ecologist
1365,painting of Ecologist,2142,Ecologist
1366,Ecologist working,3649,Ecologist
1367,Ecologist laughing,278,Ecologist
1368,Ecologist in the workplace,647,Ecologist
1369,Ecologist talking on the phone,4104,Ecologist
1370,image of Zoologist,451,Zoologist
1371,picture of Zoologist,1684,Zoologist
1372,headshot of Zoologist,665,Zoologist
1373,portrait of Zoologist,2411,Zoologist
1374,digital art of Zoologist,627,Zoologist
1375,painting of Zoologist,499,Zoologist
1376,Zoologist working,2069,Zoologist
1377,Zoologist laughing,1624,Zoologist
1378,Zoologist in the workplace,4636,Zoologist
1379,Zoologist talking on the phone,2695,Zoologist
1380,image of Marine Biologist,2416,Marine Biologist
1381,picture of Marine Biologist,791,Marine Biologist
1382,headshot of Marine Biologist,1378,Marine Biologist
1383,portrait of Marine Biologist,4700,Marine Biologist
1384,digital art of Marine Biologist,4115,Marine Biologist
1385,painting of Marine Biologist,4090,Marine Biologist
1386,Marine Biologist working,1690,Marine Biologist
1387,Marine Biologist laughing,2626,Marine Biologist
1388,Marine Biologist in the workplace,2478,Marine Biologist
1389,Marine Biologist talking on the phone,535,Marine Biologist
1390,image of Wildlife Biologist,447,Wildlife Biologist
1391,picture of Wildlife Biologist,3227,Wildlife Biologist
1392,headshot of Wildlife Biologist,2097,Wildlife Biologist
1393,portrait of Wildlife Biologist,4289,Wildlife Biologist
1394,digital art of Wildlife Biologist,400,Wildlife Biologist
1395,painting of Wildlife Biologist,3998,Wildlife Biologist
1396,Wildlife Biologist working,2606,Wildlife Biologist
1397,Wildlife Biologist laughing,2349,Wildlife Biologist
1398,Wildlife Biologist in the workplace,2477,Wildlife Biologist
1399,Wildlife Biologist talking on the phone,375,Wildlife Biologist
1400,image of Botanist,4761,Botanist
1401,picture of Botanist,3566,Botanist
1402,headshot of Botanist,131,Botanist
1403,portrait of Botanist,681,Botanist
1404,digital art of Botanist,2639,Botanist
1405,painting of Botanist,3455,Botanist
1406,Botanist working,1868,Botanist
1407,Botanist laughing,1919,Botanist
1408,Botanist in the workplace,4987,Botanist
1409,Botanist talking on the phone,25,Botanist
1410,image of Forester,3702,Forester
1411,picture of Forester,930,Forester
1412,headshot of Forester,1478,Forester
1413,portrait of Forester,1383,Forester
1414,digital art of Forester,4627,Forester
1415,painting of Forester,1749,Forester
1416,Forester working,4081,Forester
1417,Forester laughing,1122,Forester
1418,Forester in the workplace,4410,Forester
1419,Forester talking on the phone,2390,Forester
1420,image of Meteorologist,2238,Meteorologist
1421,picture of Meteorologist,4041,Meteorologist
1422,headshot of Meteorologist,3880,Meteorologist
1423,portrait of Meteorologist,4281,Meteorologist
1424,digital art of Meteorologist,17,Meteorologist
1425,painting of Meteorologist,3293,Meteorologist
1426,Meteorologist working,3,Meteorologist
1427,Meteorologist laughing,3122,Meteorologist
1428,Meteorologist in the workplace,2933,Meteorologist
1429,Meteorologist talking on the phone,4999,Meteorologist
1430,image of Astronomer,2038,Astronomer
1431,picture of Astronomer,761,Astronomer
1432,headshot of Astronomer,2297,Astronomer
1433,portrait of Astronomer,4074,Astronomer
1434,digital art of Astronomer,3668,Astronomer
1435,painting of Astronomer,4363,Astronomer
1436,Astronomer working,2444,Astronomer
1437,Astronomer laughing,1299,Astronomer
1438,Astronomer in the workplace,4320,Astronomer
1439,Astronomer talking on the phone,822,Astronomer
1440,image of Chemical Engineer,4982,Chemical Engineer
1441,picture of Chemical Engineer,4113,Chemical Engineer
1442,headshot of Chemical Engineer,2972,Chemical Engineer
1443,portrait of Chemical Engineer,1702,Chemical Engineer
1444,digital art of Chemical Engineer,2364,Chemical Engineer
1445,painting of Chemical Engineer,2658,Chemical Engineer
1446,Chemical Engineer working,458,Chemical Engineer
1447,Chemical Engineer laughing,2081,Chemical Engineer
1448,Chemical Engineer in the workplace,3323,Chemical Engineer
1449,Chemical Engineer talking on the phone,345,Chemical Engineer
1450,image of Mechanical Engineer,627,Mechanical Engineer
1451,picture of Mechanical Engineer,4096,Mechanical Engineer
1452,headshot of Mechanical Engineer,583,Mechanical Engineer
1453,portrait of Mechanical Engineer,1597,Mechanical Engineer
1454,digital art of Mechanical Engineer,2874,Mechanical Engineer
1455,painting of Mechanical Engineer,1808,Mechanical Engineer
1456,Mechanical Engineer working,4915,Mechanical Engineer
1457,Mechanical Engineer laughing,4404,Mechanical Engineer
1458,Mechanical Engineer in the workplace,2836,Mechanical Engineer
1459,Mechanical Engineer talking on the phone,4103,Mechanical Engineer
1460,image of Materials Engineer,586,Materials Engineer
1461,picture of Materials Engineer,3121,Materials Engineer
1462,headshot of Materials Engineer,364,Materials Engineer
1463,portrait of Materials Engineer,3450,Materials Engineer
1464,digital art of Materials Engineer,782,Materials Engineer
1465,painting of Materials Engineer,2527,Materials Engineer
1466,Materials Engineer working,1226,Materials Engineer
1467,Materials Engineer laughing,843,Materials Engineer
1468,Materials Engineer in the workplace,1893,Materials Engineer
1469,Materials Engineer talking on the phone,1381,Materials Engineer
1470,image of Industrial Designer,2898,Industrial Designer
1471,picture of Industrial Designer,2009,Industrial Designer
1472,headshot of Industrial Designer,1504,Industrial Designer
1473,portrait of Industrial Designer,1277,Industrial Designer
1474,digital art of Industrial Designer,2066,Industrial Designer
1475,painting of Industrial Designer,3374,Industrial Designer
1476,Industrial Designer working,717,Industrial Designer
1477,Industrial Designer laughing,608,Industrial Designer
1478,Industrial Designer in the workplace,1860,Industrial Designer
1479,Industrial Designer talking on the phone,3391,Industrial Designer
1480,image of Aerospace Engineer,442,Aerospace Engineer
1481,picture of Aerospace Engineer,2028,Aerospace Engineer
1482,headshot of Aerospace Engineer,247,Aerospace Engineer
1483,portrait of Aerospace Engineer,931,Aerospace Engineer
1484,digital art of Aerospace Engineer,1186,Aerospace Engineer
1485,painting of Aerospace Engineer,1567,Aerospace Engineer
1486,Aerospace Engineer working,189,Aerospace Engineer
1487,Aerospace Engineer laughing,1855,Aerospace Engineer
1488,Aerospace Engineer in the workplace,1574,Aerospace Engineer
1489,Aerospace Engineer talking on the phone,4818,Aerospace Engineer
1490,image of Automotive Engineer,4565,Automotive Engineer
1491,picture of Automotive Engineer,4221,Automotive Engineer
1492,headshot of Automotive Engineer,1590,Automotive Engineer
1493,portrait of Automotive Engineer,3110,Automotive Engineer
1494,digital art of Automotive Engineer,1331,Automotive Engineer
1495,painting of Automotive Engineer,3204,Automotive Engineer
1496,Automotive Engineer working,181,Automotive Engineer
1497,Automotive Engineer laughing,4011,Automotive Engineer
1498,Automotive Engineer in the workplace,3541,Automotive Engineer
1499,Automotive Engineer talking on the phone,2755,Automotive Engineer
1500,image of Textile Designer,4163,Textile Designer
1501,picture of Textile Designer,3885,Textile Designer
1502,headshot of Textile Designer,3059,Textile Designer
1503,portrait of Textile Designer,4955,Textile Designer
1504,digital art of Textile Designer,4227,Textile Designer
1505,painting of Textile Designer,4386,Textile Designer
1506,Textile Designer working,180,Textile Designer
1507,Textile Designer laughing,4408,Textile Designer
1508,Textile Designer in the workplace,482,Textile Designer
1509,Textile Designer talking on the phone,2296,Textile Designer
1510,image of Fashion Stylist,4900,Fashion Stylist
1511,picture of Fashion Stylist,3808,Fashion Stylist
1512,headshot of Fashion Stylist,1551,Fashion Stylist
1513,portrait of Fashion Stylist,1680,Fashion Stylist
1514,digital art of Fashion Stylist,816,Fashion Stylist
1515,painting of Fashion Stylist,2611,Fashion Stylist
1516,Fashion Stylist working,2207,Fashion Stylist
1517,Fashion Stylist laughing,233,Fashion Stylist
1518,Fashion Stylist in the workplace,1706,Fashion Stylist
1519,Fashion Stylist talking on the phone,132,Fashion Stylist
1520,image of Makeup Artist,2592,Makeup Artist
1521,picture of Makeup Artist,3559,Makeup Artist
1522,headshot of Makeup Artist,151,Makeup Artist
1523,portrait of Makeup Artist,585,Makeup Artist
1524,digital art of Makeup Artist,3468,Makeup Artist
1525,painting of Makeup Artist,2210,Makeup Artist
1526,Makeup Artist working,1741,Makeup Artist
1527,Makeup Artist laughing,4490,Makeup Artist
1528,Makeup Artist in the workplace,4732,Makeup Artist
1529,Makeup Artist talking on the phone,3676,Makeup Artist
1530,image of Costume Designer,2387,Costume Designer
1531,picture of Costume Designer,4877,Costume Designer
1532,headshot of Costume Designer,3003,Costume Designer
1533,portrait of Costume Designer,1555,Costume Designer
1534,digital art of Costume Designer,3036,Costume Designer
1535,painting of Costume Designer,2032,Costume Designer
1536,Costume Designer working,3319,Costume Designer
1537,Costume Designer laughing,4265,Costume Designer
1538,Costume Designer in the workplace,4795,Costume Designer
1539,Costume Designer talking on the phone,573,Costume Designer
1540,image of Special Effects Artist,822,Special Effects Artist
1541,picture of Special Effects Artist,3245,Special Effects Artist
1542,headshot of Special Effects Artist,3529,Special Effects Artist
1543,portrait of Special Effects Artist,3644,Special Effects Artist
1544,digital art of Special Effects Artist,4705,Special Effects Artist
1545,painting of Special Effects Artist,3756,Special Effects Artist
1546,Special Effects Artist working,2099,Special Effects Artist
1547,Special Effects Artist laughing,2335,Special Effects Artist
1548,Special Effects Artist in the workplace,569,Special Effects Artist
1549,Special Effects Artist talking on the phone,19,Special Effects Artist
1550,image of Animator,2204,Animator
1551,picture of Animator,1612,Animator
1552,headshot of Animator,4765,Animator
1553,portrait of Animator,3532,Animator
1554,digital art of Animator,3677,Animator
1555,painting of Animator,4352,Animator
1556,Animator working,4626,Animator
1557,Animator laughing,4740,Animator
1558,Animator in the workplace,3354,Animator
1559,Animator talking on the phone,1172,Animator
1560,image of Game Designer,4789,Game Designer
1561,picture of Game Designer,1135,Game Designer
1562,headshot of Game Designer,1129,Game Designer
1563,portrait of Game Designer,2584,Game Designer
1564,digital art of Game Designer,262,Game Designer
1565,painting of Game Designer,1645,Game Designer
1566,Game Designer working,4920,Game Designer
1567,Game Designer laughing,3136,Game Designer
1568,Game Designer in the workplace,4624,Game Designer
1569,Game Designer talking on the phone,2012,Game Designer
1570,image of Film Director,3674,Film Director
1571,picture of Film Director,593,Film Director
1572,headshot of Film Director,4765,Film Director
1573,portrait of Film Director,3972,Film Director
1574,digital art of Film Director,1811,Film Director
1575,painting of Film Director,4867,Film Director
1576,Film Director working,4159,Film Director
1577,Film Director laughing,3117,Film Director
1578,Film Director in the workplace,1677,Film Director
1579,Film Director talking on the phone,738,Film Director
1580,image of Cinematographer,243,Cinematographer
1581,picture of Cinematographer,2929,Cinematographer
1582,headshot of Cinematographer,2954,Cinematographer
1583,portrait of Cinematographer,3793,Cinematographer
1584,digital art of Cinematographer,4469,Cinematographer
1585,painting of Cinematographer,4819,Cinematographer
1586,Cinematographer working,457,Cinematographer
1587,Cinematographer laughing,150,Cinematographer
1588,Cinematographer in the workplace,3791,Cinematographer
1589,Cinematographer talking on the phone,3537,Cinematographer
1590,image of Screenwriter,3188,Screenwriter
1591,picture of Screenwriter,630,Screenwriter
1592,headshot of Screenwriter,2859,Screenwriter
1593,portrait of Screenwriter,1096,Screenwriter
1594,digital art of Screenwriter,3241,Screenwriter
1595,painting of Screenwriter,3378,Screenwriter
1596,Screenwriter working,394,Screenwriter
1597,Screenwriter laughing,321,Screenwriter
1598,Screenwriter in the workplace,350,Screenwriter
1599,Screenwriter talking on the phone,345,Screenwriter
1600,image of Film Editor,3368,Film Editor
1601,picture of Film Editor,2354,Film Editor
1602,headshot of Film Editor,4681,Film Editor
1603,portrait of Film Editor,1770,Film Editor
1604,digital art of Film Editor,4617,Film Editor
1605,painting of Film Editor,3341,Film Editor
1606,Film Editor working,3720,Film Editor
1607,Film Editor laughing,3883,Film Editor
1608,Film Editor in the workplace,298,Film Editor
1609,Film Editor talking on the phone,4564,Film Editor
1610,image of Sound Designer,4491,Sound Designer
1611,picture of Sound Designer,1201,Sound Designer
1612,headshot of Sound Designer,4760,Sound Designer
1613,portrait of Sound Designer,3872,Sound Designer
1614,digital art of Sound Designer,138,Sound Designer
1615,painting of Sound Designer,1612,Sound Designer
1616,Sound Designer working,4480,Sound Designer
1617,Sound Designer laughing,159,Sound Designer
1618,Sound Designer in the workplace,3919,Sound Designer
1619,Sound Designer talking on the phone,4015,Sound Designer
1620,image of Music Producer,4483,Music Producer
1621,picture of Music Producer,2095,Music Producer
1622,headshot of Music Producer,1671,Music Producer
1623,portrait of Music Producer,2765,Music Producer
1624,digital art of Music Producer,243,Music Producer
1625,painting of Music Producer,2530,Music Producer
1626,Music Producer working,2202,Music Producer
1627,Music Producer laughing,168,Music Producer
1628,Music Producer in the workplace,4435,Music Producer
1629,Music Producer talking on the phone,692,Music Producer
1630,image of Composer,1783,Composer
1631,picture of Composer,3451,Composer
1632,headshot of Composer,1625,Composer
1633,portrait of Composer,2125,Composer
1634,digital art of Composer,1495,Composer
1635,painting of Composer,3164,Composer
1636,Composer working,1360,Composer
1637,Composer laughing,4165,Composer
1638,Composer in the workplace,3678,Composer
1639,Composer talking on the phone,691,Composer
1640,image of Singer,2456,Singer
1641,picture of Singer,3165,Singer
1642,headshot of Singer,3005,Singer
1643,portrait of Singer,2821,Singer
1644,digital art of Singer,2791,Singer
1645,painting of Singer,700,Singer
1646,Singer working,2443,Singer
1647,Singer laughing,3353,Singer
1648,Singer in the workplace,3226,Singer
1649,Singer talking on the phone,1687,Singer
1650,image of Voice Actor,841,Voice Actor
1651,picture of Voice Actor,545,Voice Actor
1652,headshot of Voice Actor,4119,Voice Actor
1653,portrait of Voice Actor,1041,Voice Actor
1654,digital art of Voice Actor,2363,Voice Actor
1655,painting of Voice Actor,1178,Voice Actor
1656,Voice Actor working,2444,Voice Actor
1657,Voice Actor laughing,1154,Voice Actor
1658,Voice Actor in the workplace,4860,Voice Actor
1659,Voice Actor talking on the phone,1540,Voice Actor
1660,image of Radio Host,2592,Radio Host
1661,picture of Radio Host,3481,Radio Host
1662,headshot of Radio Host,3424,Radio Host
1663,portrait of Radio Host,3921,Radio Host
1664,digital art of Radio Host,2180,Radio Host
1665,painting of Radio Host,2171,Radio Host
1666,Radio Host working,2624,Radio Host
1667,Radio Host laughing,3669,Radio Host
1668,Radio Host in the workplace,4305,Radio Host
1669,Radio Host talking on the phone,2997,Radio Host
1670,image of Podcaster,4037,Podcaster
1671,picture of Podcaster,2308,Podcaster
1672,headshot of Podcaster,4881,Podcaster
1673,portrait of Podcaster,2588,Podcaster
1674,digital art of Podcaster,2005,Podcaster
1675,painting of Podcaster,1617,Podcaster
1676,Podcaster working,1019,Podcaster
1677,Podcaster laughing,3906,Podcaster
1678,Podcaster in the workplace,2246,Podcaster
1679,Podcaster talking on the phone,176,Podcaster
1680,image of Copywriter,1759,Copywriter
1681,picture of Copywriter,4419,Copywriter
1682,headshot of Copywriter,2049,Copywriter
1683,portrait of Copywriter,1289,Copywriter
1684,digital art of Copywriter,2638,Copywriter
1685,painting of Copywriter,350,Copywriter
1686,Copywriter working,972,Copywriter
1687,Copywriter laughing,3992,Copywriter
1688,Copywriter in the workplace,4809,Copywriter
1689,Copywriter talking on the phone,3918,Copywriter
1690,image of Editor,4485,Editor
1691,picture of Editor,2182,Editor
1692,headshot of Editor,2015,Editor
1693,portrait of Editor,2711,Editor
1694,digital art of Editor,4059,Editor
1695,painting of Editor,3067,Editor
1696,Editor working,301,Editor
1697,Editor laughing,1047,Editor
1698,Editor in the workplace,3257,Editor
1699,Editor talking on the phone,4621,Editor
1700,image of Proofreader,3064,Proofreader
1701,picture of Proofreader,3070,Proofreader
1702,headshot of Proofreader,1466,Proofreader
1703,portrait of Proofreader,233,Proofreader
1704,digital art of Proofreader,4478,Proofreader
1705,painting of Proofreader,3900,Proofreader
1706,Proofreader working,1115,Proofreader
1707,Proofreader laughing,4126,Proofreader
1708,Proofreader in the workplace,2937,Proofreader
1709,Proofreader talking on the phone,4968,Proofreader
1710,image of Technical Writer,4757,Technical Writer
1711,picture of Technical Writer,4643,Technical Writer
1712,headshot of Technical Writer,4415,Technical Writer
1713,portrait of Technical Writer,1404,Technical Writer
1714,digital art of Technical Writer,3817,Technical Writer
1715,painting of Technical Writer,4908,Technical Writer
1716,Technical Writer working,3255,Technical Writer
1717,Technical Writer laughing,2212,Technical Writer
1718,Technical Writer in the workplace,1356,Technical Writer
1719,Technical Writer talking on the phone,2256,Technical Writer
1720,image of Grant Writer,2942,Grant Writer
1721,picture of Grant Writer,3061,Grant Writer
1722,headshot of Grant Writer,3541,Grant Writer
1723,portrait of Grant Writer,790,Grant Writer
1724,digital art of Grant Writer,4111,Grant Writer
1725,painting of Grant Writer,3717,Grant Writer
1726,Grant Writer working,4768,Grant Writer
1727,Grant Writer laughing,2412,Grant Writer
1728,Grant Writer in the workplace,895,Grant Writer
1729,Grant Writer talking on the phone,4863,Grant Writer
1730,image of Travel Writer,1463,Travel Writer
1731,picture of Travel Writer,690,Travel Writer
1732,headshot of Travel Writer,2561,Travel Writer
1733,portrait of Travel Writer,2034,Travel Writer
1734,digital art of Travel Writer,4626,Travel Writer
1735,painting of Travel Writer,914,Travel Writer
1736,Travel Writer working,1269,Travel Writer
1737,Travel Writer laughing,2641,Travel Writer
1738,Travel Writer in the workplace,738,Travel Writer
1739,Travel Writer talking on the phone,3007,Travel Writer
1740,image of Novelist,3664,Novelist
1741,picture of Novelist,1057,Novelist
1742,headshot of Novelist,2811,Novelist
1743,portrait of Novelist,3998,Novelist
1744,digital art of Novelist,1306,Novelist
1745,painting of Novelist,2199,Novelist
1746,Novelist working,2012,Novelist
1747,Novelist laughing,2444,Novelist
1748,Novelist in the workplace,2888,Novelist
1749,Novelist talking on the phone,945,Novelist
